0 verbose cli /usr/bin/node /usr/bin/npm
1 info using npm@10.9.1
2 info using node@v22.23.2
3 silly config load:file:/usr/lib/node_modules/npm/npmrc
4 silly config load:file:/public/frontend/.npmrc
5 silly config load:file:/home/.npmrc
6 silly config load:file:/etc/npmrc
7 verbose title npm install tailwindcss postcss autoprefixer
8 verbose argv "install" "--save-dev" "tailwindcss" "postcss" "autoprefixer"
9 verbose logfile logs-max:10 dir:/home/.npm/_logs/2026-08-16T00_32_20_681Z-
10 verbose logfile /home/.npm/_logs/2026-08-16T00_32_20_681Z-debug-0.log
11 silly logfile start cleaning logs, removing 1 files
12 silly packumentCache heap:2197815296 maxSize:549453824 maxEntrySize:274726912
13 silly logfile done cleaning log files
14 silly idealTree buildDeps
15 silly fetch manifest react@^19.2.8
16 silly packumentCache full:https://registry.npmjs.org/react cache-miss
17 http fetch GET 200 https://registry.npmjs.org/react 1332ms (cache miss)
18 silly packumentCache full:https://registry.npmjs.org/react set size:undefined disposed:false
19 silly fetch manifest react-dom@^19.2.8
20 silly packumentCache full:https://registry.npmjs.org/react-dom cache-miss
21 http fetch GET 200 https://registry.npmjs.org/react-dom 1115ms (cache miss)
22 silly packumentCache full:https://registry.npmjs.org/react-dom set size:undefined disposed:false
23 silly fetch manifest @tailwindcss/cli@^4.3.3
24 silly packumentCache full:https://registry.npmjs.org/@tailwindcss%2fcli cache-miss
25 http fetch GET 200 https://registry.npmjs.org/@tailwindcss%2fcli 245ms (cache miss)
26 silly packumentCache full:https://registry.npmjs.org/@tailwindcss%2fcli set size:undefined disposed:false
27 silly fetch manifest @types/react@^19.2.17
28 silly packumentCache full:https://registry.npmjs.org/@types%2freact cache-miss
29 http fetch GET 200 https://registry.npmjs.org/@types%2freact 267ms (cache miss)
30 silly packumentCache full:https://registry.npmjs.org/@types%2freact set size:undefined disposed:false
31 silly fetch manifest @types/react-dom@^19.2.3
32 silly packumentCache full:https://registry.npmjs.org/@types%2freact-dom cache-miss
33 http fetch GET 200 https://registry.npmjs.org/@types%2freact-dom 145ms (cache miss)
34 silly packumentCache full:https://registry.npmjs.org/@types%2freact-dom set size:undefined disposed:false
35 silly fetch manifest @vitejs/plugin-react@^6.0.4
36 silly packumentCache full:https://registry.npmjs.org/@vitejs%2fplugin-react cache-miss
37 http fetch GET 200 https://registry.npmjs.org/@vitejs%2fplugin-react 146ms (cache miss)
38 silly packumentCache full:https://registry.npmjs.org/@vitejs%2fplugin-react set size:undefined disposed:false
39 silly fetch manifest @rolldown/plugin-babel@^0.1.7 || ^0.2.0
40 silly packumentCache full:https://registry.npmjs.org/@rolldown%2fplugin-babel cache-miss
41 http fetch GET 200 https://registry.npmjs.org/@rolldown%2fplugin-babel 575ms (cache miss)
42 silly packumentCache full:https://registry.npmjs.org/@rolldown%2fplugin-babel set size:undefined disposed:false
43 silly fetch manifest @babel/core@^7.29.0 || ^8.0.0-rc.1
44 silly packumentCache full:https://registry.npmjs.org/@babel%2fcore cache-miss
45 http fetch GET 200 https://registry.npmjs.org/@babel%2fcore 160ms (cache miss)
46 silly packumentCache full:https://registry.npmjs.org/@babel%2fcore set size:undefined disposed:false
47 silly fetch manifest @babel/plugin-transform-runtime@^7.29.0 || ^8.0.0-rc.1
48 silly packumentCache full:https://registry.npmjs.org/@babel%2fplugin-transform-runtime cache-miss
49 http fetch GET 200 https://registry.npmjs.org/@babel%2fplugin-transform-runtime 132ms (cache miss)
50 silly packumentCache full:https://registry.npmjs.org/@babel%2fplugin-transform-runtime set size:undefined disposed:false
51 silly fetch manifest @babel/runtime@^7.27.0 || ^8.0.0-rc.1
52 silly packumentCache full:https://registry.npmjs.org/@babel%2fruntime cache-miss
53 http fetch GET 200 https://registry.npmjs.org/@babel%2fruntime 284ms (cache miss)
54 silly packumentCache full:https://registry.npmjs.org/@babel%2fruntime set size:undefined disposed:false
55 silly fetch manifest rolldown@^1.0.0-rc.5
56 silly packumentCache full:https://registry.npmjs.org/rolldown cache-miss
57 http fetch GET 200 https://registry.npmjs.org/rolldown 223ms (cache miss)
58 silly packumentCache full:https://registry.npmjs.org/rolldown set size:undefined disposed:false
59 silly fetch manifest vite@^8.2.0
60 silly packumentCache full:https://registry.npmjs.org/vite cache-miss
61 http fetch GET 200 https://registry.npmjs.org/vite 1890ms (cache miss)
62 silly packumentCache full:https://registry.npmjs.org/vite set size:undefined disposed:false
63 silly fetch manifest @types/node@^20.19.0 || >=22.12.0
64 silly packumentCache full:https://registry.npmjs.org/@types%2fnode cache-miss
65 http fetch GET 200 https://registry.npmjs.org/@types%2fnode 630ms (cache miss)
66 silly packumentCache full:https://registry.npmjs.org/@types%2fnode set size:undefined disposed:false
67 silly fetch manifest @vitejs/devtools@^0.4.0
68 silly packumentCache full:https://registry.npmjs.org/@vitejs%2fdevtools cache-miss
69 http fetch GET 200 https://registry.npmjs.org/@vitejs%2fdevtools 129ms (cache miss)
70 silly packumentCache full:https://registry.npmjs.org/@vitejs%2fdevtools set size:undefined disposed:false
71 silly fetch manifest @vitejs/devtools-oxc@^0.4.12
72 silly packumentCache full:https://registry.npmjs.org/@vitejs%2fdevtools-oxc cache-miss
73 http fetch GET 200 https://registry.npmjs.org/@vitejs%2fdevtools-oxc 117ms (cache miss)
74 silly packumentCache full:https://registry.npmjs.org/@vitejs%2fdevtools-oxc set size:undefined disposed:false
75 silly fetch manifest @vitejs/devtools-rolldown@^0.4.12
76 silly packumentCache full:https://registry.npmjs.org/@vitejs%2fdevtools-rolldown cache-miss
77 http fetch GET 200 https://registry.npmjs.org/@vitejs%2fdevtools-rolldown 123ms (cache miss)
78 silly packumentCache full:https://registry.npmjs.org/@vitejs%2fdevtools-rolldown set size:undefined disposed:false
79 silly fetch manifest @vitejs/devtools-vite@^0.4.12
80 silly packumentCache full:https://registry.npmjs.org/@vitejs%2fdevtools-vite cache-miss
81 http fetch GET 200 https://registry.npmjs.org/@vitejs%2fdevtools-vite 102ms (cache miss)
82 silly packumentCache full:https://registry.npmjs.org/@vitejs%2fdevtools-vite set size:undefined disposed:false
83 silly fetch manifest @vitejs/devtools-vitest@^0.4.12
84 silly packumentCache full:https://registry.npmjs.org/@vitejs%2fdevtools-vitest cache-miss
85 http fetch GET 200 https://registry.npmjs.org/@vitejs%2fdevtools-vitest 114ms (cache miss)
86 silly packumentCache full:https://registry.npmjs.org/@vitejs%2fdevtools-vitest set size:undefined disposed:false
87 silly fetch manifest vitest@*
88 silly packumentCache full:https://registry.npmjs.org/vitest cache-miss
89 http fetch GET 200 https://registry.npmjs.org/vitest 228ms (cache miss)
90 silly packumentCache full:https://registry.npmjs.org/vitest set size:undefined disposed:false
91 silly fetch manifest @edge-runtime/vm@*
92 silly packumentCache full:https://registry.npmjs.org/@edge-runtime%2fvm cache-miss
93 http fetch GET 200 https://registry.npmjs.org/@edge-runtime%2fvm 138ms (cache miss)
94 silly packumentCache full:https://registry.npmjs.org/@edge-runtime%2fvm set size:undefined disposed:false
95 silly fetch manifest @opentelemetry/api@^1.9.0
96 silly packumentCache full:https://registry.npmjs.org/@opentelemetry%2fapi cache-miss
97 http fetch GET 200 https://registry.npmjs.org/@opentelemetry%2fapi 309ms (cache miss)
98 silly packumentCache full:https://registry.npmjs.org/@opentelemetry%2fapi set size:undefined disposed:false
99 silly fetch manifest @vitest/browser-playwright@4.1.10
100 silly packumentCache full:https://registry.npmjs.org/@vitest%2fbrowser-playwright cache-miss
101 http fetch GET 200 https://registry.npmjs.org/@vitest%2fbrowser-playwright 119ms (cache miss)
102 silly packumentCache full:https://registry.npmjs.org/@vitest%2fbrowser-playwright set size:undefined disposed:false
103 silly fetch manifest playwright@*
104 silly packumentCache full:https://registry.npmjs.org/playwright cache-miss
105 http fetch GET 200 https://registry.npmjs.org/playwright 1843ms (cache miss)
106 silly packumentCache full:https://registry.npmjs.org/playwright set size:undefined disposed:false
107 silly fetch manifest @vitest/browser-preview@4.1.10
108 silly packumentCache full:https://registry.npmjs.org/@vitest%2fbrowser-preview cache-miss
109 http fetch GET 200 https://registry.npmjs.org/@vitest%2fbrowser-preview 145ms (cache miss)
110 silly packumentCache full:https://registry.npmjs.org/@vitest%2fbrowser-preview set size:undefined disposed:false
111 silly fetch manifest @vitest/browser-webdriverio@4.1.10
112 silly packumentCache full:https://registry.npmjs.org/@vitest%2fbrowser-webdriverio cache-miss
113 http fetch GET 200 https://registry.npmjs.org/@vitest%2fbrowser-webdriverio 142ms (cache miss)
114 silly packumentCache full:https://registry.npmjs.org/@vitest%2fbrowser-webdriverio set size:undefined disposed:false
115 silly fetch manifest webdriverio@*
116 silly packumentCache full:https://registry.npmjs.org/webdriverio cache-miss
117 http fetch GET 200 https://registry.npmjs.org/webdriverio 459ms (cache miss)
118 silly packumentCache full:https://registry.npmjs.org/webdriverio set size:undefined disposed:false
119 silly fetch manifest puppeteer-core@>=22.x || <=24.x
120 silly packumentCache full:https://registry.npmjs.org/puppeteer-core cache-miss
121 http fetch GET 200 https://registry.npmjs.org/puppeteer-core 209ms (cache miss)
122 silly packumentCache full:https://registry.npmjs.org/puppeteer-core set size:undefined disposed:false
123 silly fetch manifest @vitest/coverage-istanbul@4.1.10
124 silly packumentCache full:https://registry.npmjs.org/@vitest%2fcoverage-istanbul cache-miss
125 http fetch GET 200 https://registry.npmjs.org/@vitest%2fcoverage-istanbul 175ms (cache miss)
126 silly packumentCache full:https://registry.npmjs.org/@vitest%2fcoverage-istanbul set size:undefined disposed:false
127 silly fetch manifest @vitest/coverage-v8@4.1.10
128 silly packumentCache full:https://registry.npmjs.org/@vitest%2fcoverage-v8 cache-miss
129 http fetch GET 200 https://registry.npmjs.org/@vitest%2fcoverage-v8 161ms (cache miss)
130 silly packumentCache full:https://registry.npmjs.org/@vitest%2fcoverage-v8 set size:undefined disposed:false
131 silly fetch manifest @vitest/browser@4.1.10
132 silly packumentCache full:https://registry.npmjs.org/@vitest%2fbrowser cache-miss
133 http fetch GET 200 https://registry.npmjs.org/@vitest%2fbrowser 176ms (cache miss)
134 silly packumentCache full:https://registry.npmjs.org/@vitest%2fbrowser set size:undefined disposed:false
135 silly fetch manifest @vitest/ui@4.1.10
136 silly packumentCache full:https://registry.npmjs.org/@vitest%2fui cache-miss
137 http fetch GET 200 https://registry.npmjs.org/@vitest%2fui 301ms (cache miss)
138 silly packumentCache full:https://registry.npmjs.org/@vitest%2fui set size:undefined disposed:false
139 silly fetch manifest happy-dom@*
140 silly packumentCache full:https://registry.npmjs.org/happy-dom cache-miss
141 http fetch GET 200 https://registry.npmjs.org/happy-dom 471ms (cache miss)
142 silly packumentCache full:https://registry.npmjs.org/happy-dom set size:undefined disposed:false
143 silly fetch manifest jsdom@*
144 silly packumentCache full:https://registry.npmjs.org/jsdom cache-miss
145 http fetch GET 200 https://registry.npmjs.org/jsdom 231ms (cache miss)
146 silly packumentCache full:https://registry.npmjs.org/jsdom set size:undefined disposed:false
147 silly fetch manifest canvas@^3.2.3
148 silly packumentCache full:https://registry.npmjs.org/canvas cache-miss
149 http fetch GET 200 https://registry.npmjs.org/canvas 173ms (cache miss)
150 silly packumentCache full:https://registry.npmjs.org/canvas set size:undefined disposed:false
151 silly fetch manifest esbuild@^0.27.0 || ^0.28.0
152 silly packumentCache full:https://registry.npmjs.org/esbuild cache-miss
153 http fetch GET 200 https://registry.npmjs.org/esbuild 366ms (cache miss)
154 silly packumentCache full:https://registry.npmjs.org/esbuild set size:undefined disposed:false
155 silly fetch manifest jiti@>=1.21.0
156 silly packumentCache full:https://registry.npmjs.org/jiti cache-miss
157 http fetch GET 200 https://registry.npmjs.org/jiti 166ms (cache miss)
158 silly packumentCache full:https://registry.npmjs.org/jiti set size:undefined disposed:false
159 silly fetch manifest less@^4.0.0
160 silly packumentCache full:https://registry.npmjs.org/less cache-miss
161 http fetch GET 200 https://registry.npmjs.org/less 156ms (cache miss)
162 silly packumentCache full:https://registry.npmjs.org/less set size:undefined disposed:false
163 silly fetch manifest sass@^1.70.0
164 silly packumentCache full:https://registry.npmjs.org/sass cache-miss
165 http fetch GET 200 https://registry.npmjs.org/sass 192ms (cache miss)
166 silly packumentCache full:https://registry.npmjs.org/sass set size:undefined disposed:false
167 silly fetch manifest sass-embedded@^1.70.0
168 silly packumentCache full:https://registry.npmjs.org/sass-embedded cache-miss
169 http fetch GET 200 https://registry.npmjs.org/sass-embedded 130ms (cache miss)
170 silly packumentCache full:https://registry.npmjs.org/sass-embedded set size:undefined disposed:false
171 silly fetch manifest stylus@>=0.54.8
172 silly packumentCache full:https://registry.npmjs.org/stylus cache-miss
173 http fetch GET 200 https://registry.npmjs.org/stylus 145ms (cache miss)
174 silly packumentCache full:https://registry.npmjs.org/stylus set size:undefined disposed:false
175 silly fetch manifest sugarss@^5.0.0
176 silly packumentCache full:https://registry.npmjs.org/sugarss cache-miss
177 http fetch GET 200 https://registry.npmjs.org/sugarss 121ms (cache miss)
178 silly packumentCache full:https://registry.npmjs.org/sugarss set size:undefined disposed:false
179 silly fetch manifest postcss@^8.5.26
180 silly packumentCache full:https://registry.npmjs.org/postcss cache-miss
181 http fetch GET 200 https://registry.npmjs.org/postcss 179ms (cache miss)
182 silly packumentCache full:https://registry.npmjs.org/postcss set size:undefined disposed:false
183 silly fetch manifest terser@^5.16.0
184 silly packumentCache full:https://registry.npmjs.org/terser cache-miss
185 http fetch GET 200 https://registry.npmjs.org/terser 273ms (cache miss)
186 silly packumentCache full:https://registry.npmjs.org/terser set size:undefined disposed:false
187 silly fetch manifest tsx@^4.8.1
188 silly packumentCache full:https://registry.npmjs.org/tsx cache-miss
189 http fetch GET 200 https://registry.npmjs.org/tsx 161ms (cache miss)
190 silly packumentCache full:https://registry.npmjs.org/tsx set size:undefined disposed:false
191 silly fetch manifest yaml@^2.4.2
192 silly packumentCache full:https://registry.npmjs.org/yaml cache-miss
193 http fetch GET 200 https://registry.npmjs.org/yaml 147ms (cache miss)
194 silly packumentCache full:https://registry.npmjs.org/yaml set size:undefined disposed:false
195 silly fetch manifest babel-plugin-react-compiler@^1.0.0
196 silly packumentCache full:https://registry.npmjs.org/babel-plugin-react-compiler cache-miss
197 http fetch GET 200 https://registry.npmjs.org/babel-plugin-react-compiler 217ms (cache miss)
198 silly packumentCache full:https://registry.npmjs.org/babel-plugin-react-compiler set size:undefined disposed:false
199 silly fetch manifest autoprefixer@^10.5.4
200 silly packumentCache full:https://registry.npmjs.org/autoprefixer cache-miss
201 http fetch GET 200 https://registry.npmjs.org/autoprefixer 200ms (cache miss)
202 silly packumentCache full:https://registry.npmjs.org/autoprefixer set size:undefined disposed:false
203 silly fetch manifest oxlint@^1.75.0
204 silly packumentCache full:https://registry.npmjs.org/oxlint cache-miss
205 http fetch GET 200 https://registry.npmjs.org/oxlint 124ms (cache miss)
206 silly packumentCache full:https://registry.npmjs.org/oxlint set size:undefined disposed:false
207 silly fetch manifest oxlint-tsgolint@>=7.0.2001
208 silly packumentCache full:https://registry.npmjs.org/oxlint-tsgolint cache-miss
209 http fetch GET 200 https://registry.npmjs.org/oxlint-tsgolint 106ms (cache miss)
210 silly packumentCache full:https://registry.npmjs.org/oxlint-tsgolint set size:undefined disposed:false
211 silly fetch manifest vite-plus@*
212 silly packumentCache full:https://registry.npmjs.org/vite-plus cache-miss
213 http fetch GET 200 https://registry.npmjs.org/vite-plus 180ms (cache miss)
214 silly packumentCache full:https://registry.npmjs.org/vite-plus set size:undefined disposed:false
215 silly fetch manifest vitest@4.1.10
216 silly packumentCache full:https://registry.npmjs.org/vitest cache-miss
217 http cache https://registry.npmjs.org/vitest 56ms (cache hit)
218 silly packumentCache full:https://registry.npmjs.org/vitest set size:2229935 disposed:false
219 silly fetch manifest @types/node@^20.0.0 || ^22.0.0 || >=24.0.0
220 silly packumentCache full:https://registry.npmjs.org/@types%2fnode cache-miss
221 http cache https://registry.npmjs.org/@types%2fnode 82ms (cache hit)
222 silly packumentCache full:https://registry.npmjs.org/@types%2fnode set size:11088606 disposed:false
223 silly fetch manifest tailwindcss@^4.3.3
224 silly packumentCache full:https://registry.npmjs.org/tailwindcss cache-miss
225 http fetch GET 200 https://registry.npmjs.org/tailwindcss 623ms (cache miss)
226 silly packumentCache full:https://registry.npmjs.org/tailwindcss set size:undefined disposed:false
227 silly placeDep ROOT @tailwindcss/cli@4.3.3 OK for: frontend@0.0.0 want: ^4.3.3
228 silly placeDep ROOT @types/react@19.2.18 OK for: frontend@0.0.0 want: ^19.2.17
229 silly placeDep ROOT @types/react-dom@19.2.4 OK for: frontend@0.0.0 want: ^19.2.3
230 silly placeDep ROOT @vitejs/plugin-react@6.0.5 OK for: frontend@0.0.0 want: ^6.0.4
231 silly placeDep ROOT vite@8.2.1 OK for: @vitejs/plugin-react@6.0.5 want: ^8.0.0
232 silly placeDep ROOT autoprefixer@10.5.4 OK for: frontend@0.0.0 want: ^10.5.4
233 silly placeDep ROOT postcss@8.5.26 OK for: autoprefixer@10.5.4 want: ^8.1.0
234 silly placeDep ROOT oxlint@1.78.0 OK for: frontend@0.0.0 want: ^1.75.0
235 silly placeDep ROOT postcss@8.5.26 REPLACE for: frontend@0.0.0 want: ^8.5.26
236 silly placeDep ROOT react@19.2.8 OK for: frontend@0.0.0 want: ^19.2.8
237 silly placeDep ROOT react-dom@19.2.8 OK for: frontend@0.0.0 want: ^19.2.8
238 silly placeDep ROOT tailwindcss@4.3.3 OK for: frontend@0.0.0 want: ^4.3.3
239 silly fetch manifest mri@^1.2.0
240 silly packumentCache full:https://registry.npmjs.org/mri cache-miss
241 silly fetch manifest picocolors@^1.1.1
242 silly packumentCache full:https://registry.npmjs.org/picocolors cache-miss
243 silly fetch manifest tailwindcss@4.3.3
244 silly packumentCache full:https://registry.npmjs.org/tailwindcss cache-miss
245 silly fetch manifest @parcel/watcher@2.5.1
246 silly packumentCache full:https://registry.npmjs.org/@parcel%2fwatcher cache-miss
247 silly fetch manifest enhanced-resolve@^5.24.1
248 silly packumentCache full:https://registry.npmjs.org/enhanced-resolve cache-miss
249 silly fetch manifest @tailwindcss/node@4.3.3
250 silly packumentCache full:https://registry.npmjs.org/@tailwindcss%2fnode cache-miss
251 silly fetch manifest @tailwindcss/oxide@4.3.3
252 silly packumentCache full:https://registry.npmjs.org/@tailwindcss%2foxide cache-miss
253 http cache https://registry.npmjs.org/tailwindcss 101ms (cache hit)
254 silly packumentCache full:https://registry.npmjs.org/tailwindcss set size:10868886 disposed:false
255 silly fetch manifest csstype@^3.2.2
256 silly packumentCache full:https://registry.npmjs.org/csstype cache-miss
257 http fetch GET 200 https://registry.npmjs.org/mri 211ms (cache miss)
258 silly packumentCache full:https://registry.npmjs.org/mri set size:undefined disposed:false
259 silly fetch manifest @rolldown/pluginutils@^1.0.1
260 silly packumentCache full:https://registry.npmjs.org/@rolldown%2fpluginutils cache-miss
261 http fetch GET 200 https://registry.npmjs.org/@rolldown%2fpluginutils 154ms (cache miss)
262 silly packumentCache full:https://registry.npmjs.org/@rolldown%2fpluginutils set size:undefined disposed:false
263 silly fetch manifest postcss@^8.5.25
264 silly packumentCache full:https://registry.npmjs.org/postcss cache-miss
265 http cache https://registry.npmjs.org/postcss 46ms (cache hit)
266 silly packumentCache full:https://registry.npmjs.org/postcss set size:760024 disposed:false
267 silly fetch manifest rolldown@~1.2.1
268 silly packumentCache full:https://registry.npmjs.org/rolldown cache-miss
269 http cache https://registry.npmjs.org/rolldown 33ms (cache hit)
270 silly packumentCache full:https://registry.npmjs.org/rolldown set size:3788588 disposed:false
271 silly fetch manifest picomatch@^4.0.5
272 silly packumentCache full:https://registry.npmjs.org/picomatch cache-miss
273 http fetch GET 200 https://registry.npmjs.org/picocolors 565ms (cache miss)
274 silly packumentCache full:https://registry.npmjs.org/picocolors set size:undefined disposed:false
275 silly fetch manifest tinyglobby@^0.2.17
276 silly packumentCache full:https://registry.npmjs.org/tinyglobby cache-miss
277 http fetch GET 200 https://registry.npmjs.org/@parcel%2fwatcher 585ms (cache miss)
278 silly packumentCache full:https://registry.npmjs.org/@parcel%2fwatcher set size:undefined disposed:false
279 silly fetch manifest lightningcss@^1.33.0
280 silly packumentCache full:https://registry.npmjs.org/lightningcss cache-miss
281 http fetch GET 200 https://registry.npmjs.org/enhanced-resolve 623ms (cache miss)
282 silly packumentCache full:https://registry.npmjs.org/enhanced-resolve set size:undefined disposed:false
283 silly fetch manifest fsevents@~2.3.3
284 silly packumentCache full:https://registry.npmjs.org/fsevents cache-miss
285 http fetch GET 200 https://registry.npmjs.org/picomatch 169ms (cache miss)
286 silly packumentCache full:https://registry.npmjs.org/picomatch set size:undefined disposed:false
287 silly fetch manifest fraction.js@^5.3.4
288 silly packumentCache full:https://registry.npmjs.org/fraction.js cache-miss
289 http fetch GET 200 https://registry.npmjs.org/csstype 489ms (cache miss)
290 silly packumentCache full:https://registry.npmjs.org/csstype set size:undefined disposed:false
291 silly fetch manifest browserslist@^4.28.6
292 silly packumentCache full:https://registry.npmjs.org/browserslist cache-miss
293 http fetch GET 200 https://registry.npmjs.org/tinyglobby 150ms (cache miss)
294 silly packumentCache full:https://registry.npmjs.org/tinyglobby set size:undefined disposed:false
295 silly fetch manifest caniuse-lite@^1.0.30001806
296 silly packumentCache full:https://registry.npmjs.org/caniuse-lite cache-miss
297 http fetch GET 200 https://registry.npmjs.org/lightningcss 164ms (cache miss)
298 silly packumentCache full:https://registry.npmjs.org/lightningcss set size:undefined disposed:false
299 silly fetch manifest postcss-value-parser@^4.2.0
300 silly packumentCache full:https://registry.npmjs.org/postcss-value-parser cache-miss
301 http fetch GET 200 https://registry.npmjs.org/@tailwindcss%2fnode 777ms (cache miss)
302 silly packumentCache full:https://registry.npmjs.org/@tailwindcss%2fnode set size:undefined disposed:false
303 silly fetch manifest nanoid@^3.3.17
304 silly packumentCache full:https://registry.npmjs.org/nanoid cache-miss
305 http fetch GET 200 https://registry.npmjs.org/fsevents 191ms (cache miss)
306 silly packumentCache full:https://registry.npmjs.org/fsevents set size:undefined disposed:false
307 silly fetch manifest source-map-js@^1.2.1
308 silly packumentCache full:https://registry.npmjs.org/source-map-js cache-miss
309 http fetch GET 200 https://registry.npmjs.org/browserslist 231ms (cache miss)
310 silly packumentCache full:https://registry.npmjs.org/browserslist set size:undefined disposed:false
311 silly fetch manifest @oxlint/binding-darwin-x64@1.78.0
312 silly packumentCache full:https://registry.npmjs.org/@oxlint%2fbinding-darwin-x64 cache-miss
313 http fetch GET 200 https://registry.npmjs.org/@tailwindcss%2foxide 940ms (cache miss)
314 silly packumentCache full:https://registry.npmjs.org/@tailwindcss%2foxide set size:undefined disposed:false
315 silly fetch manifest @oxlint/binding-freebsd-x64@1.78.0
316 silly packumentCache full:https://registry.npmjs.org/@oxlint%2fbinding-freebsd-x64 cache-miss
317 http fetch GET 200 https://registry.npmjs.org/postcss-value-parser 225ms (cache miss)
318 silly packumentCache full:https://registry.npmjs.org/postcss-value-parser set size:undefined disposed:false
319 silly fetch manifest @oxlint/binding-darwin-arm64@1.78.0
320 silly packumentCache full:https://registry.npmjs.org/@oxlint%2fbinding-darwin-arm64 cache-miss
321 http fetch GET 200 https://registry.npmjs.org/fraction.js 330ms (cache miss)
322 silly packumentCache full:https://registry.npmjs.org/fraction.js set size:undefined disposed:false
323 silly fetch manifest @oxlint/binding-android-arm64@1.78.0
324 silly packumentCache full:https://registry.npmjs.org/@oxlint%2fbinding-android-arm64 cache-miss
325 http fetch GET 200 https://registry.npmjs.org/source-map-js 184ms (cache miss)
326 silly packumentCache full:https://registry.npmjs.org/source-map-js set size:undefined disposed:false
327 silly fetch manifest @oxlint/binding-linux-x64-gnu@1.78.0
328 silly packumentCache full:https://registry.npmjs.org/@oxlint%2fbinding-linux-x64-gnu cache-miss
329 http fetch GET 200 https://registry.npmjs.org/nanoid 220ms (cache miss)
330 silly packumentCache full:https://registry.npmjs.org/nanoid set size:undefined disposed:false
331 silly fetch manifest @oxlint/binding-linux-x64-musl@1.78.0
332 silly packumentCache full:https://registry.npmjs.org/@oxlint%2fbinding-linux-x64-musl cache-miss
333 http fetch GET 200 https://registry.npmjs.org/@oxlint%2fbinding-freebsd-x64 111ms (cache miss)
334 silly packumentCache full:https://registry.npmjs.org/@oxlint%2fbinding-freebsd-x64 set size:undefined disposed:false
335 silly fetch manifest @oxlint/binding-win32-x64-msvc@1.78.0
336 silly packumentCache full:https://registry.npmjs.org/@oxlint%2fbinding-win32-x64-msvc cache-miss
337 http fetch GET 200 https://registry.npmjs.org/@oxlint%2fbinding-linux-x64-gnu 123ms (cache miss)
338 silly packumentCache full:https://registry.npmjs.org/@oxlint%2fbinding-linux-x64-gnu set size:undefined disposed:false
339 silly fetch manifest @oxlint/binding-linux-arm64-gnu@1.78.0
340 silly packumentCache full:https://registry.npmjs.org/@oxlint%2fbinding-linux-arm64-gnu cache-miss
341 http fetch GET 200 https://registry.npmjs.org/@oxlint%2fbinding-linux-x64-musl 117ms (cache miss)
342 silly packumentCache full:https://registry.npmjs.org/@oxlint%2fbinding-linux-x64-musl set size:undefined disposed:false
343 silly fetch manifest @oxlint/binding-linux-ppc64-gnu@1.78.0
344 silly packumentCache full:https://registry.npmjs.org/@oxlint%2fbinding-linux-ppc64-gnu cache-miss
345 http fetch GET 200 https://registry.npmjs.org/caniuse-lite 426ms (cache miss)
346 silly packumentCache full:https://registry.npmjs.org/caniuse-lite set size:undefined disposed:false
347 silly fetch manifest @oxlint/binding-linux-s390x-gnu@1.78.0
348 silly packumentCache full:https://registry.npmjs.org/@oxlint%2fbinding-linux-s390x-gnu cache-miss
349 http fetch GET 200 https://registry.npmjs.org/@oxlint%2fbinding-win32-x64-msvc 112ms (cache miss)
350 silly packumentCache full:https://registry.npmjs.org/@oxlint%2fbinding-win32-x64-msvc set size:undefined disposed:false
351 silly fetch manifest @oxlint/binding-win32-ia32-msvc@1.78.0
352 silly packumentCache full:https://registry.npmjs.org/@oxlint%2fbinding-win32-ia32-msvc cache-miss
353 http fetch GET 200 https://registry.npmjs.org/@oxlint%2fbinding-linux-arm64-gnu 105ms (cache miss)
354 silly packumentCache full:https://registry.npmjs.org/@oxlint%2fbinding-linux-arm64-gnu set size:undefined disposed:false
355 silly fetch manifest @oxlint/binding-android-arm-eabi@1.78.0
356 silly packumentCache full:https://registry.npmjs.org/@oxlint%2fbinding-android-arm-eabi cache-miss
357 http fetch GET 200 https://registry.npmjs.org/@oxlint%2fbinding-darwin-arm64 308ms (cache miss)
358 silly packumentCache full:https://registry.npmjs.org/@oxlint%2fbinding-darwin-arm64 set size:undefined disposed:false
359 silly fetch manifest @oxlint/binding-linux-arm64-musl@1.78.0
360 silly packumentCache full:https://registry.npmjs.org/@oxlint%2fbinding-linux-arm64-musl cache-miss
361 http fetch GET 200 https://registry.npmjs.org/@oxlint%2fbinding-android-arm64 309ms (cache miss)
362 silly packumentCache full:https://registry.npmjs.org/@oxlint%2fbinding-android-arm64 set size:undefined disposed:false
363 silly fetch manifest @oxlint/binding-win32-arm64-msvc@1.78.0
364 silly packumentCache full:https://registry.npmjs.org/@oxlint%2fbinding-win32-arm64-msvc cache-miss
365 http fetch GET 200 https://registry.npmjs.org/@oxlint%2fbinding-android-arm-eabi 140ms (cache miss)
366 silly packumentCache full:https://registry.npmjs.org/@oxlint%2fbinding-android-arm-eabi set size:undefined disposed:false
367 silly fetch manifest @oxlint/binding-linux-riscv64-gnu@1.78.0
368 silly packumentCache full:https://registry.npmjs.org/@oxlint%2fbinding-linux-riscv64-gnu cache-miss
369 http fetch GET 200 https://registry.npmjs.org/@oxlint%2fbinding-darwin-x64 514ms (cache miss)
370 silly packumentCache full:https://registry.npmjs.org/@oxlint%2fbinding-darwin-x64 set size:undefined disposed:false
371 silly fetch manifest @oxlint/binding-openharmony-arm64@1.78.0
372 silly packumentCache full:https://registry.npmjs.org/@oxlint%2fbinding-openharmony-arm64 cache-miss
373 http fetch GET 200 https://registry.npmjs.org/@oxlint%2fbinding-linux-s390x-gnu 310ms (cache miss)
374 silly packumentCache full:https://registry.npmjs.org/@oxlint%2fbinding-linux-s390x-gnu set size:undefined disposed:false
375 silly fetch manifest @oxlint/binding-linux-riscv64-musl@1.78.0
376 silly packumentCache full:https://registry.npmjs.org/@oxlint%2fbinding-linux-riscv64-musl cache-miss
377 http fetch GET 200 https://registry.npmjs.org/@oxlint%2fbinding-linux-ppc64-gnu 409ms (cache miss)
378 silly packumentCache full:https://registry.npmjs.org/@oxlint%2fbinding-linux-ppc64-gnu set size:undefined disposed:false
379 silly fetch manifest @oxlint/binding-linux-arm-gnueabihf@1.78.0
380 silly packumentCache full:https://registry.npmjs.org/@oxlint%2fbinding-linux-arm-gnueabihf cache-miss
381 http fetch GET 200 https://registry.npmjs.org/@oxlint%2fbinding-linux-arm64-musl 394ms (cache miss)
382 silly packumentCache full:https://registry.npmjs.org/@oxlint%2fbinding-linux-arm64-musl set size:undefined disposed:false
383 silly fetch manifest @oxlint/binding-linux-arm-musleabihf@1.78.0
384 silly packumentCache full:https://registry.npmjs.org/@oxlint%2fbinding-linux-arm-musleabihf cache-miss
385 http fetch GET 200 https://registry.npmjs.org/@oxlint%2fbinding-win32-arm64-msvc 382ms (cache miss)
386 silly packumentCache full:https://registry.npmjs.org/@oxlint%2fbinding-win32-arm64-msvc set size:undefined disposed:false
387 silly fetch manifest scheduler@^0.27.0
388 silly packumentCache full:https://registry.npmjs.org/scheduler cache-miss
389 http fetch GET 200 https://registry.npmjs.org/@oxlint%2fbinding-linux-riscv64-musl 251ms (cache miss)
390 silly packumentCache full:https://registry.npmjs.org/@oxlint%2fbinding-linux-riscv64-musl set size:undefined disposed:false
391 http fetch GET 200 https://registry.npmjs.org/@oxlint%2fbinding-win32-ia32-msvc 532ms (cache miss)
392 silly packumentCache full:https://registry.npmjs.org/@oxlint%2fbinding-win32-ia32-msvc set size:undefined disposed:false
393 http fetch GET 200 https://registry.npmjs.org/@oxlint%2fbinding-linux-riscv64-gnu 347ms (cache miss)
394 silly packumentCache full:https://registry.npmjs.org/@oxlint%2fbinding-linux-riscv64-gnu set size:undefined disposed:false
395 http fetch GET 200 https://registry.npmjs.org/@oxlint%2fbinding-openharmony-arm64 309ms (cache miss)
396 silly packumentCache full:https://registry.npmjs.org/@oxlint%2fbinding-openharmony-arm64 set size:undefined disposed:false
397 http fetch GET 200 https://registry.npmjs.org/@oxlint%2fbinding-linux-arm-gnueabihf 393ms (cache miss)
398 silly packumentCache full:https://registry.npmjs.org/@oxlint%2fbinding-linux-arm-gnueabihf set size:undefined disposed:false
399 http fetch GET 200 https://registry.npmjs.org/@oxlint%2fbinding-linux-arm-musleabihf 392ms (cache miss)
400 silly packumentCache full:https://registry.npmjs.org/@oxlint%2fbinding-linux-arm-musleabihf set size:undefined disposed:false
401 http fetch GET 200 https://registry.npmjs.org/scheduler 693ms (cache miss)
402 silly packumentCache full:https://registry.npmjs.org/scheduler set size:undefined disposed:false
403 silly placeDep ROOT @parcel/watcher@2.5.1 OK for: @tailwindcss/cli@4.3.3 want: 2.5.1
404 silly placeDep ROOT @tailwindcss/node@4.3.3 OK for: @tailwindcss/cli@4.3.3 want: 4.3.3
405 silly placeDep ROOT @tailwindcss/oxide@4.3.3 OK for: @tailwindcss/cli@4.3.3 want: 4.3.3
406 silly placeDep ROOT enhanced-resolve@5.24.5 OK for: @tailwindcss/cli@4.3.3 want: ^5.24.1
407 silly placeDep ROOT mri@1.2.0 OK for: @tailwindcss/cli@4.3.3 want: ^1.2.0
408 silly placeDep ROOT picocolors@1.1.1 OK for: @tailwindcss/cli@4.3.3 want: ^1.1.1
409 silly fetch manifest is-glob@^4.0.3
410 silly packumentCache full:https://registry.npmjs.org/is-glob cache-miss
411 silly fetch manifest micromatch@^4.0.5
412 silly packumentCache full:https://registry.npmjs.org/micromatch cache-miss
413 silly fetch manifest detect-libc@^1.0.3
414 silly packumentCache full:https://registry.npmjs.org/detect-libc cache-miss
415 silly fetch manifest node-addon-api@^7.0.0
416 silly packumentCache full:https://registry.npmjs.org/node-addon-api cache-miss
417 silly fetch manifest @parcel/watcher-win32-x64@2.5.1
418 silly packumentCache full:https://registry.npmjs.org/@parcel%2fwatcher-win32-x64 cache-miss
419 silly fetch manifest @parcel/watcher-darwin-x64@2.5.1
420 silly packumentCache full:https://registry.npmjs.org/@parcel%2fwatcher-darwin-x64 cache-miss
421 silly fetch manifest @parcel/watcher-win32-ia32@2.5.1
422 silly packumentCache full:https://registry.npmjs.org/@parcel%2fwatcher-win32-ia32 cache-miss
423 http fetch GET 200 https://registry.npmjs.org/is-glob 146ms (cache miss)
424 silly packumentCache full:https://registry.npmjs.org/is-glob set size:undefined disposed:false
425 silly fetch manifest @parcel/watcher-freebsd-x64@2.5.1
426 silly packumentCache full:https://registry.npmjs.org/@parcel%2fwatcher-freebsd-x64 cache-miss
427 http fetch GET 200 https://registry.npmjs.org/@parcel%2fwatcher-darwin-x64 150ms (cache miss)
428 silly packumentCache full:https://registry.npmjs.org/@parcel%2fwatcher-darwin-x64 set size:undefined disposed:false
429 silly fetch manifest @parcel/watcher-win32-arm64@2.5.1
430 silly packumentCache full:https://registry.npmjs.org/@parcel%2fwatcher-win32-arm64 cache-miss
431 http fetch GET 200 https://registry.npmjs.org/@parcel%2fwatcher-win32-x64 159ms (cache miss)
432 silly packumentCache full:https://registry.npmjs.org/@parcel%2fwatcher-win32-x64 set size:undefined disposed:false
433 silly fetch manifest @parcel/watcher-darwin-arm64@2.5.1
434 silly packumentCache full:https://registry.npmjs.org/@parcel%2fwatcher-darwin-arm64 cache-miss
435 http fetch GET 200 https://registry.npmjs.org/micromatch 166ms (cache miss)
436 silly packumentCache full:https://registry.npmjs.org/micromatch set size:undefined disposed:false
437 silly fetch manifest @parcel/watcher-android-arm64@2.5.1
438 silly packumentCache full:https://registry.npmjs.org/@parcel%2fwatcher-android-arm64 cache-miss
439 http fetch GET 200 https://registry.npmjs.org/detect-libc 183ms (cache miss)
440 silly packumentCache full:https://registry.npmjs.org/detect-libc set size:undefined disposed:false
441 silly fetch manifest @parcel/watcher-linux-arm-musl@2.5.1
442 silly packumentCache full:https://registry.npmjs.org/@parcel%2fwatcher-linux-arm-musl cache-miss
443 http fetch GET 200 https://registry.npmjs.org/node-addon-api 195ms (cache miss)
444 silly packumentCache full:https://registry.npmjs.org/node-addon-api set size:undefined disposed:false
445 silly fetch manifest @parcel/watcher-linux-x64-musl@2.5.1
446 silly packumentCache full:https://registry.npmjs.org/@parcel%2fwatcher-linux-x64-musl cache-miss
447 http fetch GET 200 https://registry.npmjs.org/@parcel%2fwatcher-win32-arm64 123ms (cache miss)
448 silly packumentCache full:https://registry.npmjs.org/@parcel%2fwatcher-win32-arm64 set size:undefined disposed:false
449 silly fetch manifest @parcel/watcher-linux-arm-glibc@2.5.1
450 silly packumentCache full:https://registry.npmjs.org/@parcel%2fwatcher-linux-arm-glibc cache-miss
451 http fetch GET 200 https://registry.npmjs.org/@parcel%2fwatcher-freebsd-x64 134ms (cache miss)
452 silly packumentCache full:https://registry.npmjs.org/@parcel%2fwatcher-freebsd-x64 set size:undefined disposed:false
453 silly fetch manifest @parcel/watcher-linux-x64-glibc@2.5.1
454 silly packumentCache full:https://registry.npmjs.org/@parcel%2fwatcher-linux-x64-glibc cache-miss
455 http fetch GET 200 https://registry.npmjs.org/@parcel%2fwatcher-linux-arm-musl 123ms (cache miss)
456 silly packumentCache full:https://registry.npmjs.org/@parcel%2fwatcher-linux-arm-musl set size:undefined disposed:false
457 silly fetch manifest @parcel/watcher-linux-arm64-musl@2.5.1
458 silly packumentCache full:https://registry.npmjs.org/@parcel%2fwatcher-linux-arm64-musl cache-miss
459 http fetch GET 200 https://registry.npmjs.org/@parcel%2fwatcher-darwin-arm64 153ms (cache miss)
460 silly packumentCache full:https://registry.npmjs.org/@parcel%2fwatcher-darwin-arm64 set size:undefined disposed:false
461 silly fetch manifest @parcel/watcher-linux-arm64-glibc@2.5.1
462 silly packumentCache full:https://registry.npmjs.org/@parcel%2fwatcher-linux-arm64-glibc cache-miss
463 http fetch GET 200 https://registry.npmjs.org/@parcel%2fwatcher-android-arm64 146ms (cache miss)
464 silly packumentCache full:https://registry.npmjs.org/@parcel%2fwatcher-android-arm64 set size:undefined disposed:false
465 silly fetch manifest jiti@^2.7.0
466 silly packumentCache full:https://registry.npmjs.org/jiti cache-miss
467 http fetch GET 200 https://registry.npmjs.org/@parcel%2fwatcher-linux-x64-musl 118ms (cache miss)
468 silly packumentCache full:https://registry.npmjs.org/@parcel%2fwatcher-linux-x64-musl set size:undefined disposed:false
469 silly fetch manifest lightningcss@1.32.0
470 silly packumentCache full:https://registry.npmjs.org/lightningcss cache-miss
471 http fetch GET 200 https://registry.npmjs.org/@parcel%2fwatcher-win32-ia32 326ms (cache miss)
472 silly packumentCache full:https://registry.npmjs.org/@parcel%2fwatcher-win32-ia32 set size:undefined disposed:false
473 silly fetch manifest magic-string@^0.30.21
474 silly packumentCache full:https://registry.npmjs.org/magic-string cache-miss
475 http cache https://registry.npmjs.org/jiti 30ms (cache hit)
476 silly packumentCache full:https://registry.npmjs.org/jiti set size:387989 disposed:false
477 silly fetch manifest @jridgewell/remapping@^2.3.5
478 silly packumentCache full:https://registry.npmjs.org/@jridgewell%2fremapping cache-miss
479 http cache https://registry.npmjs.org/lightningcss 40ms (cache hit)
480 silly packumentCache full:https://registry.npmjs.org/lightningcss set size:191065 disposed:false
481 silly fetch manifest @tailwindcss/oxide-darwin-x64@4.3.3
482 silly packumentCache full:https://registry.npmjs.org/@tailwindcss%2foxide-darwin-x64 cache-miss
483 http fetch GET 200 https://registry.npmjs.org/@parcel%2fwatcher-linux-arm-glibc 108ms (cache miss)
484 silly packumentCache full:https://registry.npmjs.org/@parcel%2fwatcher-linux-arm-glibc set size:undefined disposed:false
485 silly fetch manifest @tailwindcss/oxide-freebsd-x64@4.3.3
486 silly packumentCache full:https://registry.npmjs.org/@tailwindcss%2foxide-freebsd-x64 cache-miss
487 http fetch GET 200 https://registry.npmjs.org/@parcel%2fwatcher-linux-x64-glibc 110ms (cache miss)
488 silly packumentCache full:https://registry.npmjs.org/@parcel%2fwatcher-linux-x64-glibc set size:undefined disposed:false
489 silly fetch manifest @tailwindcss/oxide-wasm32-wasi@4.3.3
490 silly packumentCache full:https://registry.npmjs.org/@tailwindcss%2foxide-wasm32-wasi cache-miss
491 http fetch GET 200 https://registry.npmjs.org/@parcel%2fwatcher-linux-arm64-musl 171ms (cache miss)
492 silly packumentCache full:https://registry.npmjs.org/@parcel%2fwatcher-linux-arm64-musl set size:undefined disposed:false
493 silly fetch manifest @tailwindcss/oxide-darwin-arm64@4.3.3
494 silly packumentCache full:https://registry.npmjs.org/@tailwindcss%2foxide-darwin-arm64 cache-miss
495 http fetch GET 200 https://registry.npmjs.org/@parcel%2fwatcher-linux-arm64-glibc 174ms (cache miss)
496 silly packumentCache full:https://registry.npmjs.org/@parcel%2fwatcher-linux-arm64-glibc set size:undefined disposed:false
497 silly fetch manifest @tailwindcss/oxide-android-arm64@4.3.3
498 silly packumentCache full:https://registry.npmjs.org/@tailwindcss%2foxide-android-arm64 cache-miss
499 http fetch GET 200 https://registry.npmjs.org/@jridgewell%2fremapping 142ms (cache miss)
500 silly packumentCache full:https://registry.npmjs.org/@jridgewell%2fremapping set size:undefined disposed:false
501 silly fetch manifest @tailwindcss/oxide-linux-x64-gnu@4.3.3
502 silly packumentCache full:https://registry.npmjs.org/@tailwindcss%2foxide-linux-x64-gnu cache-miss
503 http fetch GET 200 https://registry.npmjs.org/magic-string 175ms (cache miss)
504 silly packumentCache full:https://registry.npmjs.org/magic-string set size:undefined disposed:false
505 silly fetch manifest @tailwindcss/oxide-linux-x64-musl@4.3.3
506 silly packumentCache full:https://registry.npmjs.org/@tailwindcss%2foxide-linux-x64-musl cache-miss
507 http fetch GET 200 https://registry.npmjs.org/@tailwindcss%2foxide-wasm32-wasi 379ms (cache miss)
508 silly packumentCache full:https://registry.npmjs.org/@tailwindcss%2foxide-wasm32-wasi set size:undefined disposed:false
509 silly fetch manifest @tailwindcss/oxide-win32-x64-msvc@4.3.3
510 silly packumentCache full:https://registry.npmjs.org/@tailwindcss%2foxide-win32-x64-msvc cache-miss
511 http fetch GET 200 https://registry.npmjs.org/@tailwindcss%2foxide-darwin-x64 1285ms (cache miss)
512 silly packumentCache full:https://registry.npmjs.org/@tailwindcss%2foxide-darwin-x64 set size:undefined disposed:false
513 silly fetch manifest @tailwindcss/oxide-linux-arm64-gnu@4.3.3
514 silly packumentCache full:https://registry.npmjs.org/@tailwindcss%2foxide-linux-arm64-gnu cache-miss
515 http fetch GET 200 https://registry.npmjs.org/@tailwindcss%2foxide-freebsd-x64 1304ms (cache miss)
516 silly packumentCache full:https://registry.npmjs.org/@tailwindcss%2foxide-freebsd-x64 set size:undefined disposed:false
517 silly fetch manifest @tailwindcss/oxide-linux-arm64-musl@4.3.3
518 silly packumentCache full:https://registry.npmjs.org/@tailwindcss%2foxide-linux-arm64-musl cache-miss
519 http fetch GET 200 https://registry.npmjs.org/@tailwindcss%2foxide-win32-x64-msvc 956ms (cache miss)
520 silly packumentCache full:https://registry.npmjs.org/@tailwindcss%2foxide-win32-x64-msvc set size:undefined disposed:false
521 silly fetch manifest @tailwindcss/oxide-win32-arm64-msvc@4.3.3
522 silly packumentCache full:https://registry.npmjs.org/@tailwindcss%2foxide-win32-arm64-msvc cache-miss
523 http fetch GET 200 https://registry.npmjs.org/@tailwindcss%2foxide-linux-x64-musl 1860ms (cache miss)
524 silly packumentCache full:https://registry.npmjs.org/@tailwindcss%2foxide-linux-x64-musl set size:undefined disposed:false
525 silly fetch manifest @tailwindcss/oxide-linux-arm-gnueabihf@4.3.3
526 silly packumentCache full:https://registry.npmjs.org/@tailwindcss%2foxide-linux-arm-gnueabihf cache-miss
527 http fetch GET 200 https://registry.npmjs.org/@tailwindcss%2foxide-win32-arm64-msvc 667ms (cache miss)
528 silly packumentCache full:https://registry.npmjs.org/@tailwindcss%2foxide-win32-arm64-msvc set size:undefined disposed:false
529 silly fetch manifest tapable@^2.3.3
530 silly packumentCache full:https://registry.npmjs.org/tapable cache-miss
531 http fetch GET 200 https://registry.npmjs.org/@tailwindcss%2foxide-darwin-arm64 2018ms (cache miss)
532 silly packumentCache full:https://registry.npmjs.org/@tailwindcss%2foxide-darwin-arm64 set size:undefined disposed:false
533 silly fetch manifest graceful-fs@^4.2.4
534 silly packumentCache full:https://registry.npmjs.org/graceful-fs cache-miss
535 http fetch GET 200 https://registry.npmjs.org/@tailwindcss%2foxide-linux-x64-gnu 2057ms (cache miss)
536 silly packumentCache full:https://registry.npmjs.org/@tailwindcss%2foxide-linux-x64-gnu set size:undefined disposed:false
537 http fetch GET 200 https://registry.npmjs.org/tapable 257ms (cache miss)
538 silly packumentCache full:https://registry.npmjs.org/tapable set size:undefined disposed:false
539 http fetch GET 200 https://registry.npmjs.org/graceful-fs 378ms (cache miss)
540 silly packumentCache full:https://registry.npmjs.org/graceful-fs set size:undefined disposed:false
541 http fetch GET 200 https://registry.npmjs.org/@tailwindcss%2foxide-linux-arm64-musl 1212ms (cache miss)
542 silly packumentCache full:https://registry.npmjs.org/@tailwindcss%2foxide-linux-arm64-musl set size:undefined disposed:false
543 http fetch GET 200 https://registry.npmjs.org/@tailwindcss%2foxide-linux-arm64-gnu 1305ms (cache miss)
544 silly packumentCache full:https://registry.npmjs.org/@tailwindcss%2foxide-linux-arm64-gnu set size:undefined disposed:false
545 http fetch GET 200 https://registry.npmjs.org/@tailwindcss%2foxide-linux-arm-gnueabihf 601ms (cache miss)
546 silly packumentCache full:https://registry.npmjs.org/@tailwindcss%2foxide-linux-arm-gnueabihf set size:undefined disposed:false
547 http fetch GET 200 https://registry.npmjs.org/@tailwindcss%2foxide-android-arm64 2919ms (cache miss)
548 silly packumentCache full:https://registry.npmjs.org/@tailwindcss%2foxide-android-arm64 set size:undefined disposed:false
549 silly placeDep ROOT @parcel/watcher-android-arm64@2.5.1 OK for: @parcel/watcher@2.5.1 want: 2.5.1
550 silly placeDep ROOT @parcel/watcher-darwin-arm64@2.5.1 OK for: @parcel/watcher@2.5.1 want: 2.5.1
551 silly placeDep ROOT @parcel/watcher-darwin-x64@2.5.1 OK for: @parcel/watcher@2.5.1 want: 2.5.1
552 silly placeDep ROOT @parcel/watcher-freebsd-x64@2.5.1 OK for: @parcel/watcher@2.5.1 want: 2.5.1
553 silly placeDep ROOT @parcel/watcher-linux-arm-glibc@2.5.1 OK for: @parcel/watcher@2.5.1 want: 2.5.1
554 silly placeDep ROOT @parcel/watcher-linux-arm-musl@2.5.1 OK for: @parcel/watcher@2.5.1 want: 2.5.1
555 silly placeDep ROOT @parcel/watcher-linux-arm64-glibc@2.5.1 OK for: @parcel/watcher@2.5.1 want: 2.5.1
556 silly placeDep ROOT @parcel/watcher-linux-arm64-musl@2.5.1 OK for: @parcel/watcher@2.5.1 want: 2.5.1
557 silly placeDep ROOT @parcel/watcher-linux-x64-glibc@2.5.1 OK for: @parcel/watcher@2.5.1 want: 2.5.1
558 silly placeDep ROOT @parcel/watcher-linux-x64-musl@2.5.1 OK for: @parcel/watcher@2.5.1 want: 2.5.1
559 silly placeDep ROOT @parcel/watcher-win32-arm64@2.5.1 OK for: @parcel/watcher@2.5.1 want: 2.5.1
560 silly placeDep ROOT @parcel/watcher-win32-ia32@2.5.1 OK for: @parcel/watcher@2.5.1 want: 2.5.1
561 silly placeDep ROOT @parcel/watcher-win32-x64@2.5.1 OK for: @parcel/watcher@2.5.1 want: 2.5.1
562 silly placeDep ROOT detect-libc@1.0.3 OK for: @parcel/watcher@2.5.1 want: ^1.0.3
563 silly placeDep ROOT is-glob@4.0.3 OK for: @parcel/watcher@2.5.1 want: ^4.0.3
564 silly placeDep ROOT micromatch@4.0.8 OK for: @parcel/watcher@2.5.1 want: ^4.0.5
565 silly placeDep ROOT node-addon-api@7.1.1 OK for: @parcel/watcher@2.5.1 want: ^7.0.0
566 silly fetch manifest is-extglob@^2.1.1
567 silly packumentCache full:https://registry.npmjs.org/is-extglob cache-miss
568 silly fetch manifest braces@^3.0.3
569 silly packumentCache full:https://registry.npmjs.org/braces cache-miss
570 silly fetch manifest picomatch@^2.3.1
571 silly packumentCache full:https://registry.npmjs.org/picomatch cache-miss
572 http cache https://registry.npmjs.org/picomatch 43ms (cache hit)
573 silly packumentCache full:https://registry.npmjs.org/picomatch set size:128942 disposed:false
574 http fetch GET 200 https://registry.npmjs.org/is-extglob 124ms (cache miss)
575 silly packumentCache full:https://registry.npmjs.org/is-extglob set size:undefined disposed:false
576 http fetch GET 200 https://registry.npmjs.org/braces 131ms (cache miss)
577 silly packumentCache full:https://registry.npmjs.org/braces set size:undefined disposed:false
578 silly placeDep ROOT @jridgewell/remapping@2.3.5 OK for: @tailwindcss/node@4.3.3 want: ^2.3.5
579 silly placeDep ROOT jiti@2.7.0 OK for: @tailwindcss/node@4.3.3 want: ^2.7.0
580 silly placeDep ROOT lightningcss@1.32.0 OK for: @tailwindcss/node@4.3.3 want: 1.32.0
581 silly placeDep ROOT magic-string@0.30.21 OK for: @tailwindcss/node@4.3.3 want: ^0.30.21
582 silly placeDep ROOT source-map-js@1.2.1 OK for: @tailwindcss/node@4.3.3 want: ^1.2.1
583 silly fetch manifest @jridgewell/gen-mapping@^0.3.5
584 silly packumentCache full:https://registry.npmjs.org/@jridgewell%2fgen-mapping cache-miss
585 silly fetch manifest @jridgewell/trace-mapping@^0.3.24
586 silly packumentCache full:https://registry.npmjs.org/@jridgewell%2ftrace-mapping cache-miss
587 silly fetch manifest detect-libc@^2.0.3
588 silly packumentCache full:https://registry.npmjs.org/detect-libc cache-miss
589 silly fetch manifest lightningcss-darwin-x64@1.32.0
590 silly packumentCache full:https://registry.npmjs.org/lightningcss-darwin-x64 cache-miss
591 silly fetch manifest lightningcss-freebsd-x64@1.32.0
592 silly packumentCache full:https://registry.npmjs.org/lightningcss-freebsd-x64 cache-miss
593 silly fetch manifest lightningcss-darwin-arm64@1.32.0
594 silly packumentCache full:https://registry.npmjs.org/lightningcss-darwin-arm64 cache-miss
595 silly fetch manifest lightningcss-android-arm64@1.32.0
596 silly packumentCache full:https://registry.npmjs.org/lightningcss-android-arm64 cache-miss
597 http cache https://registry.npmjs.org/detect-libc 57ms (cache hit)
598 silly packumentCache full:https://registry.npmjs.org/detect-libc set size:47861 disposed:false
599 silly fetch manifest lightningcss-linux-x64-gnu@1.32.0
600 silly packumentCache full:https://registry.npmjs.org/lightningcss-linux-x64-gnu cache-miss
601 http fetch GET 200 https://registry.npmjs.org/@jridgewell%2fgen-mapping 151ms (cache miss)
602 silly packumentCache full:https://registry.npmjs.org/@jridgewell%2fgen-mapping set size:undefined disposed:false
603 silly fetch manifest lightningcss-linux-x64-musl@1.32.0
604 silly packumentCache full:https://registry.npmjs.org/lightningcss-linux-x64-musl cache-miss
605 http fetch GET 200 https://registry.npmjs.org/lightningcss-android-arm64 153ms (cache miss)
606 silly packumentCache full:https://registry.npmjs.org/lightningcss-android-arm64 set size:undefined disposed:false
607 silly fetch manifest lightningcss-win32-x64-msvc@1.32.0
608 silly packumentCache full:https://registry.npmjs.org/lightningcss-win32-x64-msvc cache-miss
609 http fetch GET 200 https://registry.npmjs.org/lightningcss-darwin-arm64 161ms (cache miss)
610 silly packumentCache full:https://registry.npmjs.org/lightningcss-darwin-arm64 set size:undefined disposed:false
611 silly fetch manifest lightningcss-linux-arm64-gnu@1.32.0
612 silly packumentCache full:https://registry.npmjs.org/lightningcss-linux-arm64-gnu cache-miss
613 http fetch GET 200 https://registry.npmjs.org/lightningcss-darwin-x64 166ms (cache miss)
614 silly packumentCache full:https://registry.npmjs.org/lightningcss-darwin-x64 set size:undefined disposed:false
615 silly fetch manifest lightningcss-linux-arm64-musl@1.32.0
616 silly packumentCache full:https://registry.npmjs.org/lightningcss-linux-arm64-musl cache-miss
617 http fetch GET 200 https://registry.npmjs.org/@jridgewell%2ftrace-mapping 175ms (cache miss)
618 silly packumentCache full:https://registry.npmjs.org/@jridgewell%2ftrace-mapping set size:undefined disposed:false
619 silly fetch manifest lightningcss-win32-arm64-msvc@1.32.0
620 silly packumentCache full:https://registry.npmjs.org/lightningcss-win32-arm64-msvc cache-miss
621 http fetch GET 200 https://registry.npmjs.org/lightningcss-linux-x64-gnu 147ms (cache miss)
622 silly packumentCache full:https://registry.npmjs.org/lightningcss-linux-x64-gnu set size:undefined disposed:false
623 silly fetch manifest lightningcss-linux-arm-gnueabihf@1.32.0
624 silly packumentCache full:https://registry.npmjs.org/lightningcss-linux-arm-gnueabihf cache-miss
625 http fetch GET 200 https://registry.npmjs.org/lightningcss-freebsd-x64 307ms (cache miss)
626 silly packumentCache full:https://registry.npmjs.org/lightningcss-freebsd-x64 set size:undefined disposed:false
627 silly fetch manifest @jridgewell/sourcemap-codec@^1.5.5
628 silly packumentCache full:https://registry.npmjs.org/@jridgewell%2fsourcemap-codec cache-miss
629 http fetch GET 200 https://registry.npmjs.org/lightningcss-linux-arm64-gnu 147ms (cache miss)
630 silly packumentCache full:https://registry.npmjs.org/lightningcss-linux-arm64-gnu set size:undefined disposed:false
631 http fetch GET 200 https://registry.npmjs.org/lightningcss-linux-arm64-musl 145ms (cache miss)
632 silly packumentCache full:https://registry.npmjs.org/lightningcss-linux-arm64-musl set size:undefined disposed:false
633 http fetch GET 200 https://registry.npmjs.org/lightningcss-win32-x64-msvc 158ms (cache miss)
634 silly packumentCache full:https://registry.npmjs.org/lightningcss-win32-x64-msvc set size:undefined disposed:false
635 http fetch GET 200 https://registry.npmjs.org/lightningcss-win32-arm64-msvc 140ms (cache miss)
636 silly packumentCache full:https://registry.npmjs.org/lightningcss-win32-arm64-msvc set size:undefined disposed:false
637 http fetch GET 200 https://registry.npmjs.org/lightningcss-linux-x64-musl 165ms (cache miss)
638 silly packumentCache full:https://registry.npmjs.org/lightningcss-linux-x64-musl set size:undefined disposed:false
639 http fetch GET 200 https://registry.npmjs.org/lightningcss-linux-arm-gnueabihf 117ms (cache miss)
640 silly packumentCache full:https://registry.npmjs.org/lightningcss-linux-arm-gnueabihf set size:undefined disposed:false
641 http fetch GET 200 https://registry.npmjs.org/@jridgewell%2fsourcemap-codec 120ms (cache miss)
642 silly packumentCache full:https://registry.npmjs.org/@jridgewell%2fsourcemap-codec set size:undefined disposed:false
643 silly placeDep ROOT @jridgewell/gen-mapping@0.3.13 OK for: @jridgewell/remapping@2.3.5 want: ^0.3.5
644 silly placeDep ROOT @jridgewell/trace-mapping@0.3.31 OK for: @jridgewell/remapping@2.3.5 want: ^0.3.24
645 silly fetch manifest @jridgewell/sourcemap-codec@^1.5.0
646 silly packumentCache full:https://registry.npmjs.org/@jridgewell%2fsourcemap-codec cache-miss
647 silly fetch manifest @jridgewell/resolve-uri@^3.1.0
648 silly packumentCache full:https://registry.npmjs.org/@jridgewell%2fresolve-uri cache-miss
649 silly fetch manifest @jridgewell/sourcemap-codec@^1.4.14
650 silly packumentCache full:https://registry.npmjs.org/@jridgewell%2fsourcemap-codec cache-miss
651 http cache https://registry.npmjs.org/@jridgewell%2fsourcemap-codec 39ms (cache hit)
652 silly packumentCache full:https://registry.npmjs.org/@jridgewell%2fsourcemap-codec set size:51856 disposed:false
653 http cache https://registry.npmjs.org/@jridgewell%2fsourcemap-codec 36ms (cache hit)
654 silly packumentCache full:https://registry.npmjs.org/@jridgewell%2fsourcemap-codec set size:51856 disposed:false
655 silly packumentCache full:https://registry.npmjs.org/@jridgewell%2fsourcemap-codec dispose
656 http fetch GET 200 https://registry.npmjs.org/@jridgewell%2fresolve-uri 120ms (cache miss)
657 silly packumentCache full:https://registry.npmjs.org/@jridgewell%2fresolve-uri set size:undefined disposed:false
658 silly placeDep ROOT @jridgewell/sourcemap-codec@1.5.5 OK for: @jridgewell/gen-mapping@0.3.13 want: ^1.5.0
659 silly placeDep ROOT @jridgewell/resolve-uri@3.1.2 OK for: @jridgewell/trace-mapping@0.3.31 want: ^3.1.0
660 silly placeDep ROOT @tailwindcss/oxide-android-arm64@4.3.3 OK for: @tailwindcss/oxide@4.3.3 want: 4.3.3
661 silly placeDep ROOT @tailwindcss/oxide-darwin-arm64@4.3.3 OK for: @tailwindcss/oxide@4.3.3 want: 4.3.3
662 silly placeDep ROOT @tailwindcss/oxide-darwin-x64@4.3.3 OK for: @tailwindcss/oxide@4.3.3 want: 4.3.3
663 silly placeDep ROOT @tailwindcss/oxide-freebsd-x64@4.3.3 OK for: @tailwindcss/oxide@4.3.3 want: 4.3.3
664 silly placeDep ROOT @tailwindcss/oxide-linux-arm-gnueabihf@4.3.3 OK for: @tailwindcss/oxide@4.3.3 want: 4.3.3
665 silly placeDep ROOT @tailwindcss/oxide-linux-arm64-gnu@4.3.3 OK for: @tailwindcss/oxide@4.3.3 want: 4.3.3
666 silly placeDep ROOT @tailwindcss/oxide-linux-arm64-musl@4.3.3 OK for: @tailwindcss/oxide@4.3.3 want: 4.3.3
667 silly placeDep ROOT @tailwindcss/oxide-linux-x64-gnu@4.3.3 OK for: @tailwindcss/oxide@4.3.3 want: 4.3.3
668 silly placeDep ROOT @tailwindcss/oxide-linux-x64-musl@4.3.3 OK for: @tailwindcss/oxide@4.3.3 want: 4.3.3
669 silly placeDep ROOT @tailwindcss/oxide-wasm32-wasi@4.3.3 OK for: @tailwindcss/oxide@4.3.3 want: 4.3.3
670 silly placeDep ROOT @tailwindcss/oxide-win32-arm64-msvc@4.3.3 OK for: @tailwindcss/oxide@4.3.3 want: 4.3.3
671 silly placeDep ROOT @tailwindcss/oxide-win32-x64-msvc@4.3.3 OK for: @tailwindcss/oxide@4.3.3 want: 4.3.3
672 silly placeDep ROOT csstype@3.2.3 OK for: @types/react@19.2.18 want: ^3.2.2
673 silly placeDep ROOT @rolldown/pluginutils@1.0.1 OK for: @vitejs/plugin-react@6.0.5 want: ^1.0.1
674 silly placeDep ROOT browserslist@4.28.8 OK for: autoprefixer@10.5.4 want: ^4.28.6
675 silly placeDep ROOT caniuse-lite@1.0.30001809 OK for: autoprefixer@10.5.4 want: ^1.0.30001806
676 silly placeDep ROOT fraction.js@5.3.4 OK for: autoprefixer@10.5.4 want: ^5.3.4
677 silly placeDep ROOT postcss-value-parser@4.2.0 OK for: autoprefixer@10.5.4 want: ^4.2.0
678 silly fetch manifest caniuse-lite@^1.0.30001809
679 silly packumentCache full:https://registry.npmjs.org/caniuse-lite cache-miss
680 silly fetch manifest node-releases@^2.0.53
681 silly packumentCache full:https://registry.npmjs.org/node-releases cache-miss
682 silly fetch manifest electron-to-chromium@^1.5.402
683 silly packumentCache full:https://registry.npmjs.org/electron-to-chromium cache-miss
684 silly fetch manifest update-browserslist-db@^1.3.0
685 silly packumentCache full:https://registry.npmjs.org/update-browserslist-db cache-miss
686 silly fetch manifest baseline-browser-mapping@^2.11.12
687 silly packumentCache full:https://registry.npmjs.org/baseline-browser-mapping cache-miss
688 http cache https://registry.npmjs.org/caniuse-lite 54ms (cache hit)
689 silly packumentCache full:https://registry.npmjs.org/caniuse-lite set size:2311190 disposed:false
690 http fetch GET 200 https://registry.npmjs.org/baseline-browser-mapping 237ms (cache miss)
691 silly packumentCache full:https://registry.npmjs.org/baseline-browser-mapping set size:undefined disposed:false
692 http fetch GET 200 https://registry.npmjs.org/update-browserslist-db 618ms (cache miss)
693 silly packumentCache full:https://registry.npmjs.org/update-browserslist-db set size:undefined disposed:false
694 http fetch GET 200 https://registry.npmjs.org/electron-to-chromium 926ms (cache miss)
695 silly packumentCache full:https://registry.npmjs.org/electron-to-chromium set size:undefined disposed:false
696 http fetch GET 200 https://registry.npmjs.org/node-releases 1793ms (cache miss)
697 silly packumentCache full:https://registry.npmjs.org/node-releases set size:undefined disposed:false
698 silly fetch manifest browserslist@>= 4.21.0
699 silly packumentCache full:https://registry.npmjs.org/browserslist cache-miss
700 http cache https://registry.npmjs.org/browserslist 41ms (cache hit)
701 silly packumentCache full:https://registry.npmjs.org/browserslist set size:518659 disposed:false
702 silly placeDep ROOT baseline-browser-mapping@2.11.14 OK for: browserslist@4.28.8 want: ^2.11.12
703 silly placeDep ROOT electron-to-chromium@1.5.407 OK for: browserslist@4.28.8 want: ^1.5.402
704 silly placeDep ROOT node-releases@2.0.53 OK for: browserslist@4.28.8 want: ^2.0.53
705 silly placeDep ROOT update-browserslist-db@1.3.1 OK for: browserslist@4.28.8 want: ^1.3.0
706 silly fetch manifest escalade@^3.2.0
707 silly packumentCache full:https://registry.npmjs.org/escalade cache-miss
708 http fetch GET 200 https://registry.npmjs.org/escalade 171ms (cache miss)
709 silly packumentCache full:https://registry.npmjs.org/escalade set size:undefined disposed:false
710 silly placeDep ROOT graceful-fs@4.2.11 OK for: enhanced-resolve@5.24.5 want: ^4.2.4
711 silly placeDep ROOT tapable@2.3.3 OK for: enhanced-resolve@5.24.5 want: ^2.3.3
712 silly placeDep ROOT is-extglob@2.1.1 OK for: is-glob@4.0.3 want: ^2.1.1
713 silly placeDep node_modules/lightningcss detect-libc@2.1.2 OK for: lightningcss@1.32.0 want: ^2.0.3
714 silly placeDep ROOT lightningcss-android-arm64@1.32.0 OK for: lightningcss@1.32.0 want: 1.32.0
715 silly placeDep ROOT lightningcss-darwin-arm64@1.32.0 OK for: lightningcss@1.32.0 want: 1.32.0
716 silly placeDep ROOT lightningcss-darwin-x64@1.32.0 OK for: lightningcss@1.32.0 want: 1.32.0
717 silly placeDep ROOT lightningcss-freebsd-x64@1.32.0 OK for: lightningcss@1.32.0 want: 1.32.0
718 silly placeDep ROOT lightningcss-linux-arm-gnueabihf@1.32.0 OK for: lightningcss@1.32.0 want: 1.32.0
719 silly placeDep ROOT lightningcss-linux-arm64-gnu@1.32.0 OK for: lightningcss@1.32.0 want: 1.32.0
720 silly placeDep ROOT lightningcss-linux-arm64-musl@1.32.0 OK for: lightningcss@1.32.0 want: 1.32.0
721 silly placeDep ROOT lightningcss-linux-x64-gnu@1.32.0 OK for: lightningcss@1.32.0 want: 1.32.0
722 silly placeDep ROOT lightningcss-linux-x64-musl@1.32.0 OK for: lightningcss@1.32.0 want: 1.32.0
723 silly placeDep ROOT lightningcss-win32-arm64-msvc@1.32.0 OK for: lightningcss@1.32.0 want: 1.32.0
724 silly placeDep ROOT lightningcss-win32-x64-msvc@1.32.0 OK for: lightningcss@1.32.0 want: 1.32.0
725 silly placeDep ROOT braces@3.0.3 OK for: micromatch@4.0.8 want: ^3.0.3
726 silly placeDep ROOT picomatch@2.3.2 OK for: micromatch@4.0.8 want: ^2.3.1
727 silly fetch manifest fill-range@^7.1.1
728 silly packumentCache full:https://registry.npmjs.org/fill-range cache-miss
729 http fetch GET 200 https://registry.npmjs.org/fill-range 126ms (cache miss)
730 silly packumentCache full:https://registry.npmjs.org/fill-range set size:undefined disposed:false
731 silly placeDep ROOT fill-range@7.1.1 OK for: braces@3.0.3 want: ^7.1.1
732 silly fetch manifest to-regex-range@^5.0.1
733 silly packumentCache full:https://registry.npmjs.org/to-regex-range cache-miss
734 http fetch GET 200 https://registry.npmjs.org/to-regex-range 120ms (cache miss)
735 silly packumentCache full:https://registry.npmjs.org/to-regex-range set size:undefined disposed:false
736 silly placeDep ROOT to-regex-range@5.0.1 OK for: fill-range@7.1.1 want: ^5.0.1
737 silly fetch manifest is-number@^7.0.0
738 silly packumentCache full:https://registry.npmjs.org/is-number cache-miss
739 http fetch GET 200 https://registry.npmjs.org/is-number 131ms (cache miss)
740 silly packumentCache full:https://registry.npmjs.org/is-number set size:undefined disposed:false
741 silly placeDep ROOT @oxlint/binding-android-arm-eabi@1.78.0 OK for: oxlint@1.78.0 want: 1.78.0
742 silly placeDep ROOT @oxlint/binding-android-arm64@1.78.0 OK for: oxlint@1.78.0 want: 1.78.0
743 silly placeDep ROOT @oxlint/binding-darwin-arm64@1.78.0 OK for: oxlint@1.78.0 want: 1.78.0
744 silly placeDep ROOT @oxlint/binding-darwin-x64@1.78.0 OK for: oxlint@1.78.0 want: 1.78.0
745 silly placeDep ROOT @oxlint/binding-freebsd-x64@1.78.0 OK for: oxlint@1.78.0 want: 1.78.0
746 silly placeDep ROOT @oxlint/binding-linux-arm-gnueabihf@1.78.0 OK for: oxlint@1.78.0 want: 1.78.0
747 silly placeDep ROOT @oxlint/binding-linux-arm-musleabihf@1.78.0 OK for: oxlint@1.78.0 want: 1.78.0
748 silly placeDep ROOT @oxlint/binding-linux-arm64-gnu@1.78.0 OK for: oxlint@1.78.0 want: 1.78.0
749 silly placeDep ROOT @oxlint/binding-linux-arm64-musl@1.78.0 OK for: oxlint@1.78.0 want: 1.78.0
750 silly placeDep ROOT @oxlint/binding-linux-ppc64-gnu@1.78.0 OK for: oxlint@1.78.0 want: 1.78.0
751 silly placeDep ROOT @oxlint/binding-linux-riscv64-gnu@1.78.0 OK for: oxlint@1.78.0 want: 1.78.0
752 silly placeDep ROOT @oxlint/binding-linux-riscv64-musl@1.78.0 OK for: oxlint@1.78.0 want: 1.78.0
753 silly placeDep ROOT @oxlint/binding-linux-s390x-gnu@1.78.0 OK for: oxlint@1.78.0 want: 1.78.0
754 silly placeDep ROOT @oxlint/binding-linux-x64-gnu@1.78.0 OK for: oxlint@1.78.0 want: 1.78.0
755 silly placeDep ROOT @oxlint/binding-linux-x64-musl@1.78.0 OK for: oxlint@1.78.0 want: 1.78.0
756 silly placeDep ROOT @oxlint/binding-openharmony-arm64@1.78.0 OK for: oxlint@1.78.0 want: 1.78.0
757 silly placeDep ROOT @oxlint/binding-win32-arm64-msvc@1.78.0 OK for: oxlint@1.78.0 want: 1.78.0
758 silly placeDep ROOT @oxlint/binding-win32-ia32-msvc@1.78.0 OK for: oxlint@1.78.0 want: 1.78.0
759 silly placeDep ROOT @oxlint/binding-win32-x64-msvc@1.78.0 OK for: oxlint@1.78.0 want: 1.78.0
760 silly placeDep ROOT nanoid@3.3.18 OK for: postcss@8.5.26 want: ^3.3.17
761 silly placeDep ROOT scheduler@0.27.0 OK for: react-dom@19.2.8 want: ^0.27.0
762 silly placeDep ROOT is-number@7.0.0 OK for: to-regex-range@5.0.1 want: ^7.0.0
763 silly placeDep ROOT escalade@3.2.0 OK for: update-browserslist-db@1.3.1 want: ^3.2.0
764 silly placeDep ROOT fsevents@2.3.3 OK for: vite@8.2.1 want: ~2.3.3
765 silly placeDep node_modules/vite lightningcss@1.33.0 OK for: vite@8.2.1 want: ^1.33.0
766 silly placeDep node_modules/vite picomatch@4.0.5 OK for: vite@8.2.1 want: ^4.0.5
767 silly placeDep ROOT rolldown@1.2.4 OK for: vite@8.2.1 want: ~1.2.1
768 silly placeDep ROOT tinyglobby@0.2.17 OK for: vite@8.2.1 want: ^0.2.17
769 silly fetch manifest lightningcss-darwin-x64@1.33.0
770 silly packumentCache full:https://registry.npmjs.org/lightningcss-darwin-x64 cache-miss
771 silly fetch manifest lightningcss-linux-x64-gnu@1.33.0
772 silly packumentCache full:https://registry.npmjs.org/lightningcss-linux-x64-gnu cache-miss
773 silly fetch manifest lightningcss-win32-x64-msvc@1.33.0
774 silly packumentCache full:https://registry.npmjs.org/lightningcss-win32-x64-msvc cache-miss
775 silly fetch manifest lightningcss-win32-arm64-msvc@1.33.0
776 silly packumentCache full:https://registry.npmjs.org/lightningcss-win32-arm64-msvc cache-miss
777 silly fetch manifest lightningcss-darwin-arm64@1.33.0
778 silly packumentCache full:https://registry.npmjs.org/lightningcss-darwin-arm64 cache-miss
779 silly fetch manifest lightningcss-linux-arm64-gnu@1.33.0
780 silly packumentCache full:https://registry.npmjs.org/lightningcss-linux-arm64-gnu cache-miss
781 silly fetch manifest lightningcss-linux-arm-gnueabihf@1.33.0
782 silly packumentCache full:https://registry.npmjs.org/lightningcss-linux-arm-gnueabihf cache-miss
783 http cache https://registry.npmjs.org/lightningcss-linux-arm64-gnu 39ms (cache hit)
784 silly packumentCache full:https://registry.npmjs.org/lightningcss-linux-arm64-gnu set size:82397 disposed:false
785 silly fetch manifest lightningcss-linux-arm64-musl@1.33.0
786 silly packumentCache full:https://registry.npmjs.org/lightningcss-linux-arm64-musl cache-miss
787 http cache https://registry.npmjs.org/lightningcss-darwin-x64 44ms (cache hit)
788 silly packumentCache full:https://registry.npmjs.org/lightningcss-darwin-x64 set size:80374 disposed:false
789 silly fetch manifest lightningcss-linux-x64-musl@1.33.0
790 silly packumentCache full:https://registry.npmjs.org/lightningcss-linux-x64-musl cache-miss
791 http cache https://registry.npmjs.org/lightningcss-linux-arm-gnueabihf 45ms (cache hit)
792 silly packumentCache full:https://registry.npmjs.org/lightningcss-linux-arm-gnueabihf set size:82635 disposed:false
793 silly fetch manifest lightningcss-freebsd-x64@1.33.0
794 silly packumentCache full:https://registry.npmjs.org/lightningcss-freebsd-x64 cache-miss
795 http cache https://registry.npmjs.org/lightningcss-linux-x64-gnu 51ms (cache hit)
796 silly packumentCache full:https://registry.npmjs.org/lightningcss-linux-x64-gnu set size:81819 disposed:false
797 silly fetch manifest lightningcss-android-arm64@1.33.0
798 silly packumentCache full:https://registry.npmjs.org/lightningcss-android-arm64 cache-miss
799 http cache https://registry.npmjs.org/lightningcss-darwin-arm64 54ms (cache hit)
800 silly packumentCache full:https://registry.npmjs.org/lightningcss-darwin-arm64 set size:80970 disposed:false
801 silly fetch manifest @oxc-project/types@=0.144.0
802 silly packumentCache full:https://registry.npmjs.org/@oxc-project%2ftypes cache-miss
803 http cache https://registry.npmjs.org/lightningcss-win32-arm64-msvc 60ms (cache hit)
804 silly packumentCache full:https://registry.npmjs.org/lightningcss-win32-arm64-msvc set size:28346 disposed:false
805 silly fetch manifest @rolldown/binding-darwin-x64@1.2.4
806 silly packumentCache full:https://registry.npmjs.org/@rolldown%2fbinding-darwin-x64 cache-miss
807 http cache https://registry.npmjs.org/lightningcss-win32-x64-msvc 67ms (cache hit)
808 silly packumentCache full:https://registry.npmjs.org/lightningcss-win32-x64-msvc set size:81347 disposed:false
809 silly fetch manifest @rolldown/binding-freebsd-x64@1.2.4
810 silly packumentCache full:https://registry.npmjs.org/@rolldown%2fbinding-freebsd-x64 cache-miss
811 http cache https://registry.npmjs.org/lightningcss-freebsd-x64 32ms (cache hit)
812 silly packumentCache full:https://registry.npmjs.org/lightningcss-freebsd-x64 set size:44564 disposed:false
813 silly fetch manifest @rolldown/binding-darwin-arm64@1.2.4
814 silly packumentCache full:https://registry.npmjs.org/@rolldown%2fbinding-darwin-arm64 cache-miss
815 http cache https://registry.npmjs.org/lightningcss-android-arm64 32ms (cache hit)
816 silly packumentCache full:https://registry.npmjs.org/lightningcss-android-arm64 set size:9371 disposed:false
817 silly fetch manifest @rolldown/binding-android-arm64@1.2.4
818 silly packumentCache full:https://registry.npmjs.org/@rolldown%2fbinding-android-arm64 cache-miss
819 http cache https://registry.npmjs.org/lightningcss-linux-x64-musl 46ms (cache hit)
820 silly packumentCache full:https://registry.npmjs.org/lightningcss-linux-x64-musl set size:82032 disposed:false
821 silly fetch manifest @rolldown/binding-linux-x64-gnu@1.2.4
822 silly packumentCache full:https://registry.npmjs.org/@rolldown%2fbinding-linux-x64-gnu cache-miss
823 http cache https://registry.npmjs.org/lightningcss-linux-arm64-musl 52ms (cache hit)
824 silly packumentCache full:https://registry.npmjs.org/lightningcss-linux-arm64-musl set size:82617 disposed:false
825 silly fetch manifest @rolldown/binding-linux-x64-musl@1.2.4
826 silly packumentCache full:https://registry.npmjs.org/@rolldown%2fbinding-linux-x64-musl cache-miss
827 http fetch GET 200 https://registry.npmjs.org/@rolldown%2fbinding-android-arm64 130ms (cache miss)
828 silly packumentCache full:https://registry.npmjs.org/@rolldown%2fbinding-android-arm64 set size:undefined disposed:false
829 silly fetch manifest @rolldown/binding-win32-x64-msvc@1.2.4
830 silly packumentCache full:https://registry.npmjs.org/@rolldown%2fbinding-win32-x64-msvc cache-miss
831 http fetch GET 200 https://registry.npmjs.org/@oxc-project%2ftypes 168ms (cache miss)
832 silly packumentCache full:https://registry.npmjs.org/@oxc-project%2ftypes set size:undefined disposed:false
833 silly fetch manifest @rolldown/binding-linux-arm64-gnu@1.2.4
834 silly packumentCache full:https://registry.npmjs.org/@rolldown%2fbinding-linux-arm64-gnu cache-miss
835 http fetch GET 200 https://registry.npmjs.org/@rolldown%2fbinding-darwin-arm64 281ms (cache miss)
836 silly packumentCache full:https://registry.npmjs.org/@rolldown%2fbinding-darwin-arm64 set size:undefined disposed:false
837 silly fetch manifest @rolldown/binding-linux-ppc64-gnu@1.2.4
838 silly packumentCache full:https://registry.npmjs.org/@rolldown%2fbinding-linux-ppc64-gnu cache-miss
839 http fetch GET 200 https://registry.npmjs.org/@rolldown%2fbinding-darwin-x64 381ms (cache miss)
840 silly packumentCache full:https://registry.npmjs.org/@rolldown%2fbinding-darwin-x64 set size:undefined disposed:false
841 silly fetch manifest @rolldown/binding-linux-s390x-gnu@1.2.4
842 silly packumentCache full:https://registry.npmjs.org/@rolldown%2fbinding-linux-s390x-gnu cache-miss
843 http fetch GET 200 https://registry.npmjs.org/@rolldown%2fbinding-win32-x64-msvc 446ms (cache miss)
844 silly packumentCache full:https://registry.npmjs.org/@rolldown%2fbinding-win32-x64-msvc set size:undefined disposed:false
845 silly fetch manifest @rolldown/binding-linux-arm64-musl@1.2.4
846 silly packumentCache full:https://registry.npmjs.org/@rolldown%2fbinding-linux-arm64-musl cache-miss
847 http fetch GET 200 https://registry.npmjs.org/@rolldown%2fbinding-linux-x64-gnu 615ms (cache miss)
848 silly packumentCache full:https://registry.npmjs.org/@rolldown%2fbinding-linux-x64-gnu set size:undefined disposed:false
849 silly fetch manifest @rolldown/binding-win32-arm64-msvc@1.2.4
850 silly packumentCache full:https://registry.npmjs.org/@rolldown%2fbinding-win32-arm64-msvc cache-miss
851 http fetch GET 200 https://registry.npmjs.org/@rolldown%2fbinding-linux-x64-musl 683ms (cache miss)
852 silly packumentCache full:https://registry.npmjs.org/@rolldown%2fbinding-linux-x64-musl set size:undefined disposed:false
853 silly fetch manifest @rolldown/binding-openharmony-arm64@1.2.4
854 silly packumentCache full:https://registry.npmjs.org/@rolldown%2fbinding-openharmony-arm64 cache-miss
855 http fetch GET 200 https://registry.npmjs.org/@rolldown%2fbinding-linux-ppc64-gnu 413ms (cache miss)
856 silly packumentCache full:https://registry.npmjs.org/@rolldown%2fbinding-linux-ppc64-gnu set size:undefined disposed:false
857 silly fetch manifest @rolldown/binding-linux-arm-gnueabihf@1.2.4
858 silly packumentCache full:https://registry.npmjs.org/@rolldown%2fbinding-linux-arm-gnueabihf cache-miss
859 http fetch GET 200 https://registry.npmjs.org/@rolldown%2fbinding-linux-s390x-gnu 343ms (cache miss)
860 silly packumentCache full:https://registry.npmjs.org/@rolldown%2fbinding-linux-s390x-gnu set size:undefined disposed:false
861 silly fetch manifest fdir@^6.5.0
862 silly packumentCache full:https://registry.npmjs.org/fdir cache-miss
863 http fetch GET 200 https://registry.npmjs.org/@rolldown%2fbinding-linux-arm64-gnu 576ms (cache miss)
864 silly packumentCache full:https://registry.npmjs.org/@rolldown%2fbinding-linux-arm64-gnu set size:undefined disposed:false
865 silly fetch manifest picomatch@^4.0.4
866 silly packumentCache full:https://registry.npmjs.org/picomatch cache-hit
867 http fetch GET 200 https://registry.npmjs.org/@rolldown%2fbinding-openharmony-arm64 113ms (cache miss)
868 silly packumentCache full:https://registry.npmjs.org/@rolldown%2fbinding-openharmony-arm64 set size:undefined disposed:false
869 http fetch GET 200 https://registry.npmjs.org/@rolldown%2fbinding-linux-arm64-musl 228ms (cache miss)
870 silly packumentCache full:https://registry.npmjs.org/@rolldown%2fbinding-linux-arm64-musl set size:undefined disposed:false
871 http fetch GET 200 https://registry.npmjs.org/fdir 134ms (cache miss)
872 silly packumentCache full:https://registry.npmjs.org/fdir set size:undefined disposed:false
873 http fetch GET 200 https://registry.npmjs.org/@rolldown%2fbinding-win32-arm64-msvc 373ms (cache miss)
874 silly packumentCache full:https://registry.npmjs.org/@rolldown%2fbinding-win32-arm64-msvc set size:undefined disposed:false
875 http fetch GET 200 https://registry.npmjs.org/@rolldown%2fbinding-linux-arm-gnueabihf 422ms (cache miss)
876 silly packumentCache full:https://registry.npmjs.org/@rolldown%2fbinding-linux-arm-gnueabihf set size:undefined disposed:false
877 http fetch GET 200 https://registry.npmjs.org/@rolldown%2fbinding-freebsd-x64 1457ms (cache miss)
878 silly packumentCache full:https://registry.npmjs.org/@rolldown%2fbinding-freebsd-x64 set size:undefined disposed:false
879 silly placeDep ROOT @oxc-project/types@0.144.0 OK for: rolldown@1.2.4 want: =0.144.0
880 silly placeDep ROOT @rolldown/binding-android-arm64@1.2.4 OK for: rolldown@1.2.4 want: 1.2.4
881 silly placeDep ROOT @rolldown/binding-darwin-arm64@1.2.4 OK for: rolldown@1.2.4 want: 1.2.4
882 silly placeDep ROOT @rolldown/binding-darwin-x64@1.2.4 OK for: rolldown@1.2.4 want: 1.2.4
883 silly placeDep ROOT @rolldown/binding-freebsd-x64@1.2.4 OK for: rolldown@1.2.4 want: 1.2.4
884 silly placeDep ROOT @rolldown/binding-linux-arm-gnueabihf@1.2.4 OK for: rolldown@1.2.4 want: 1.2.4
885 silly placeDep ROOT @rolldown/binding-linux-arm64-gnu@1.2.4 OK for: rolldown@1.2.4 want: 1.2.4
886 silly placeDep ROOT @rolldown/binding-linux-arm64-musl@1.2.4 OK for: rolldown@1.2.4 want: 1.2.4
887 silly placeDep ROOT @rolldown/binding-linux-ppc64-gnu@1.2.4 OK for: rolldown@1.2.4 want: 1.2.4
888 silly placeDep ROOT @rolldown/binding-linux-s390x-gnu@1.2.4 OK for: rolldown@1.2.4 want: 1.2.4
889 silly placeDep ROOT @rolldown/binding-linux-x64-gnu@1.2.4 OK for: rolldown@1.2.4 want: 1.2.4
890 silly placeDep ROOT @rolldown/binding-linux-x64-musl@1.2.4 OK for: rolldown@1.2.4 want: 1.2.4
891 silly placeDep ROOT @rolldown/binding-openharmony-arm64@1.2.4 OK for: rolldown@1.2.4 want: 1.2.4
892 silly placeDep ROOT @rolldown/binding-win32-arm64-msvc@1.2.4 OK for: rolldown@1.2.4 want: 1.2.4
893 silly placeDep ROOT @rolldown/binding-win32-x64-msvc@1.2.4 OK for: rolldown@1.2.4 want: 1.2.4
894 silly placeDep node_modules/tinyglobby fdir@6.5.0 OK for: tinyglobby@0.2.17 want: ^6.5.0
895 silly placeDep node_modules/tinyglobby picomatch@4.0.5 OK for: fdir@6.5.0 want: ^3 || ^4
896 silly placeDep node_modules/vite detect-libc@2.1.2 OK for: lightningcss@1.33.0 want: ^2.0.3
897 silly placeDep node_modules/vite lightningcss-android-arm64@1.33.0 OK for: lightningcss@1.33.0 want: 1.33.0
898 silly placeDep node_modules/vite lightningcss-darwin-arm64@1.33.0 OK for: lightningcss@1.33.0 want: 1.33.0
899 silly placeDep node_modules/vite lightningcss-darwin-x64@1.33.0 OK for: lightningcss@1.33.0 want: 1.33.0
900 silly placeDep node_modules/vite lightningcss-freebsd-x64@1.33.0 OK for: lightningcss@1.33.0 want: 1.33.0
901 silly placeDep node_modules/vite lightningcss-linux-arm-gnueabihf@1.33.0 OK for: lightningcss@1.33.0 want: 1.33.0
902 silly placeDep node_modules/vite lightningcss-linux-arm64-gnu@1.33.0 OK for: lightningcss@1.33.0 want: 1.33.0
903 silly placeDep node_modules/vite lightningcss-linux-arm64-musl@1.33.0 OK for: lightningcss@1.33.0 want: 1.33.0
904 silly placeDep node_modules/vite lightningcss-linux-x64-gnu@1.33.0 OK for: lightningcss@1.33.0 want: 1.33.0
905 silly placeDep node_modules/vite lightningcss-linux-x64-musl@1.33.0 OK for: lightningcss@1.33.0 want: 1.33.0
906 silly placeDep node_modules/vite lightningcss-win32-arm64-msvc@1.33.0 OK for: lightningcss@1.33.0 want: 1.33.0
907 silly placeDep node_modules/vite lightningcss-win32-x64-msvc@1.33.0 OK for: lightningcss@1.33.0 want: 1.33.0
908 silly reify moves {}
909 verbose reify failed optional dependency /public/frontend/node_modules/@tailwindcss/oxide-wasm32-wasi
910 silly reify mark deleted [ '/public/frontend/node_modules/@tailwindcss/oxide-wasm32-wasi' ]
911 silly audit bulk request {
911 silly audit   '@tailwindcss/cli': [ '4.3.3' ],
911 silly audit   '@types/react': [ '19.2.18' ],
911 silly audit   '@types/react-dom': [ '19.2.4' ],
911 silly audit   '@vitejs/plugin-react': [ '6.0.5' ],
911 silly audit   vite: [ '8.2.1' ],
911 silly audit   autoprefixer: [ '10.5.4' ],
911 silly audit   oxlint: [ '1.78.0' ],
911 silly audit   postcss: [ '8.5.26' ],
911 silly audit   react: [ '19.2.8' ],
911 silly audit   'react-dom': [ '19.2.8' ],
911 silly audit   tailwindcss: [ '4.3.3' ],
911 silly audit   '@parcel/watcher': [ '2.5.1' ],
911 silly audit   '@tailwindcss/node': [ '4.3.3' ],
911 silly audit   '@tailwindcss/oxide': [ '4.3.3' ],
911 silly audit   'enhanced-resolve': [ '5.24.5' ],
911 silly audit   mri: [ '1.2.0' ],
911 silly audit   picocolors: [ '1.1.1' ],
911 silly audit   '@parcel/watcher-android-arm64': [ '2.5.1' ],
911 silly audit   '@parcel/watcher-darwin-arm64': [ '2.5.1' ],
911 silly audit   '@parcel/watcher-darwin-x64': [ '2.5.1' ],
911 silly audit   '@parcel/watcher-freebsd-x64': [ '2.5.1' ],
911 silly audit   '@parcel/watcher-linux-arm-glibc': [ '2.5.1' ],
911 silly audit   '@parcel/watcher-linux-arm-musl': [ '2.5.1' ],
911 silly audit   '@parcel/watcher-linux-arm64-glibc': [ '2.5.1' ],
911 silly audit   '@parcel/watcher-linux-arm64-musl': [ '2.5.1' ],
911 silly audit   '@parcel/watcher-linux-x64-glibc': [ '2.5.1' ],
911 silly audit   '@parcel/watcher-linux-x64-musl': [ '2.5.1' ],
911 silly audit   '@parcel/watcher-win32-arm64': [ '2.5.1' ],
911 silly audit   '@parcel/watcher-win32-ia32': [ '2.5.1' ],
911 silly audit   '@parcel/watcher-win32-x64': [ '2.5.1' ],
911 silly audit   'detect-libc': [ '1.0.3', '2.1.2' ],
911 silly audit   'is-glob': [ '4.0.3' ],
911 silly audit   micromatch: [ '4.0.8' ],
911 silly audit   'node-addon-api': [ '7.1.1' ],
911 silly audit   '@jridgewell/remapping': [ '2.3.5' ],
911 silly audit   jiti: [ '2.7.0' ],
911 silly audit   lightningcss: [ '1.32.0', '1.33.0' ],
911 silly audit   'magic-string': [ '0.30.21' ],
911 silly audit   'source-map-js': [ '1.2.1' ],
911 silly audit   '@jridgewell/gen-mapping': [ '0.3.13' ],
911 silly audit   '@jridgewell/trace-mapping': [ '0.3.31' ],
911 silly audit   '@jridgewell/sourcemap-codec': [ '1.5.5' ],
911 silly audit   '@jridgewell/resolve-uri': [ '3.1.2' ],
911 silly audit   '@tailwindcss/oxide-android-arm64': [ '4.3.3' ],
911 silly audit   '@tailwindcss/oxide-darwin-arm64': [ '4.3.3' ],
911 silly audit   '@tailwindcss/oxide-darwin-x64': [ '4.3.3' ],
911 silly audit   '@tailwindcss/oxide-freebsd-x64': [ '4.3.3' ],
911 silly audit   '@tailwindcss/oxide-linux-arm-gnueabihf': [ '4.3.3' ],
911 silly audit   '@tailwindcss/oxide-linux-arm64-gnu': [ '4.3.3' ],
911 silly audit   '@tailwindcss/oxide-linux-arm64-musl': [ '4.3.3' ],
911 silly audit   '@tailwindcss/oxide-linux-x64-gnu': [ '4.3.3' ],
911 silly audit   '@tailwindcss/oxide-linux-x64-musl': [ '4.3.3' ],
911 silly audit   '@tailwindcss/oxide-win32-arm64-msvc': [ '4.3.3' ],
911 silly audit   '@tailwindcss/oxide-win32-x64-msvc': [ '4.3.3' ],
911 silly audit   csstype: [ '3.2.3' ],
911 silly audit   '@rolldown/pluginutils': [ '1.0.1' ],
911 silly audit   browserslist: [ '4.28.8' ],
911 silly audit   'caniuse-lite': [ '1.0.30001809' ],
911 silly audit   'fraction.js': [ '5.3.4' ],
911 silly audit   'postcss-value-parser': [ '4.2.0' ],
911 silly audit   'baseline-browser-mapping': [ '2.11.14' ],
911 silly audit   'electron-to-chromium': [ '1.5.407' ],
911 silly audit   'node-releases': [ '2.0.53' ],
911 silly audit   'update-browserslist-db': [ '1.3.1' ],
911 silly audit   'graceful-fs': [ '4.2.11' ],
911 silly audit   tapable: [ '2.3.3' ],
911 silly audit   'is-extglob': [ '2.1.1' ],
911 silly audit   'lightningcss-android-arm64': [ '1.32.0', '1.33.0' ],
911 silly audit   'lightningcss-darwin-arm64': [ '1.32.0', '1.33.0' ],
911 silly audit   'lightningcss-darwin-x64': [ '1.32.0', '1.33.0' ],
911 silly audit   'lightningcss-freebsd-x64': [ '1.32.0', '1.33.0' ],
911 silly audit   'lightningcss-linux-arm-gnueabihf': [ '1.32.0', '1.33.0' ],
911 silly audit   'lightningcss-linux-arm64-gnu': [ '1.32.0', '1.33.0' ],
911 silly audit   'lightningcss-linux-arm64-musl': [ '1.32.0', '1.33.0' ],
911 silly audit   'lightningcss-linux-x64-gnu': [ '1.32.0', '1.33.0' ],
911 silly audit   'lightningcss-linux-x64-musl': [ '1.32.0', '1.33.0' ],
911 silly audit   'lightningcss-win32-arm64-msvc': [ '1.32.0', '1.33.0' ],
911 silly audit   'lightningcss-win32-x64-msvc': [ '1.32.0', '1.33.0' ],
911 silly audit   braces: [ '3.0.3' ],
911 silly audit   picomatch: [ '2.3.2', '4.0.5' ],
911 silly audit   'fill-range': [ '7.1.1' ],
911 silly audit   'to-regex-range': [ '5.0.1' ],
911 silly audit   '@oxlint/binding-android-arm-eabi': [ '1.78.0' ],
911 silly audit   '@oxlint/binding-android-arm64': [ '1.78.0' ],
911 silly audit   '@oxlint/binding-darwin-arm64': [ '1.78.0' ],
911 silly audit   '@oxlint/binding-darwin-x64': [ '1.78.0' ],
911 silly audit   '@oxlint/binding-freebsd-x64': [ '1.78.0' ],
911 silly audit   '@oxlint/binding-linux-arm-gnueabihf': [ '1.78.0' ],
911 silly audit   '@oxlint/binding-linux-arm-musleabihf': [ '1.78.0' ],
911 silly audit   '@oxlint/binding-linux-arm64-gnu': [ '1.78.0' ],
911 silly audit   '@oxlint/binding-linux-arm64-musl': [ '1.78.0' ],
911 silly audit   '@oxlint/binding-linux-ppc64-gnu': [ '1.78.0' ],
911 silly audit   '@oxlint/binding-linux-riscv64-gnu': [ '1.78.0' ],
911 silly audit   '@oxlint/binding-linux-riscv64-musl': [ '1.78.0' ],
911 silly audit   '@oxlint/binding-linux-s390x-gnu': [ '1.78.0' ],
911 silly audit   '@oxlint/binding-linux-x64-gnu': [ '1.78.0' ],
911 silly audit   '@oxlint/binding-linux-x64-musl': [ '1.78.0' ],
911 silly audit   '@oxlint/binding-openharmony-arm64': [ '1.78.0' ],
911 silly audit   '@oxlint/binding-win32-arm64-msvc': [ '1.78.0' ],
911 silly audit   '@oxlint/binding-win32-ia32-msvc': [ '1.78.0' ],
911 silly audit   '@oxlint/binding-win32-x64-msvc': [ '1.78.0' ],
911 silly audit   nanoid: [ '3.3.18' ],
911 silly audit   scheduler: [ '0.27.0' ],
911 silly audit   'is-number': [ '7.0.0' ],
911 silly audit   escalade: [ '3.2.0' ],
911 silly audit   fsevents: [ '2.3.3' ],
911 silly audit   rolldown: [ '1.2.4' ],
911 silly audit   tinyglobby: [ '0.2.17' ],
911 silly audit   '@oxc-project/types': [ '0.144.0' ],
911 silly audit   '@rolldown/binding-android-arm64': [ '1.2.4' ],
911 silly audit   '@rolldown/binding-darwin-arm64': [ '1.2.4' ],
911 silly audit   '@rolldown/binding-darwin-x64': [ '1.2.4' ],
911 silly audit   '@rolldown/binding-freebsd-x64': [ '1.2.4' ],
911 silly audit   '@rolldown/binding-linux-arm-gnueabihf': [ '1.2.4' ],
911 silly audit   '@rolldown/binding-linux-arm64-gnu': [ '1.2.4' ],
911 silly audit   '@rolldown/binding-linux-arm64-musl': [ '1.2.4' ],
911 silly audit   '@rolldown/binding-linux-ppc64-gnu': [ '1.2.4' ],
911 silly audit   '@rolldown/binding-linux-s390x-gnu': [ '1.2.4' ],
911 silly audit   '@rolldown/binding-linux-x64-gnu': [ '1.2.4' ],
911 silly audit   '@rolldown/binding-linux-x64-musl': [ '1.2.4' ],
911 silly audit   '@rolldown/binding-openharmony-arm64': [ '1.2.4' ],
911 silly audit   '@rolldown/binding-win32-arm64-msvc': [ '1.2.4' ],
911 silly audit   '@rolldown/binding-win32-x64-msvc': [ '1.2.4' ],
911 silly audit   fdir: [ '6.5.0' ],
911 silly audit   '@tailwindcss/oxide-wasm32-wasi': [ '4.3.3' ]
911 silly audit }
912 verbose reify failed optional dependency /public/frontend/node_modules/@rolldown/binding-win32-x64-msvc
913 silly reify mark deleted [ '/public/frontend/node_modules/@rolldown/binding-win32-x64-msvc' ]
914 verbose reify failed optional dependency /public/frontend/node_modules/@rolldown/binding-win32-arm64-msvc
915 silly reify mark deleted [ '/public/frontend/node_modules/@rolldown/binding-win32-arm64-msvc' ]
916 verbose reify failed optional dependency /public/frontend/node_modules/@rolldown/binding-openharmony-arm64
917 silly reify mark deleted [ '/public/frontend/node_modules/@rolldown/binding-openharmony-arm64' ]
918 verbose reify failed optional dependency /public/frontend/node_modules/@rolldown/binding-linux-x64-musl
919 silly reify mark deleted [ '/public/frontend/node_modules/@rolldown/binding-linux-x64-musl' ]
920 verbose reify failed optional dependency /public/frontend/node_modules/@rolldown/binding-linux-x64-gnu
921 silly reify mark deleted [ '/public/frontend/node_modules/@rolldown/binding-linux-x64-gnu' ]
922 verbose reify failed optional dependency /public/frontend/node_modules/@rolldown/binding-linux-s390x-gnu
923 silly reify mark deleted [ '/public/frontend/node_modules/@rolldown/binding-linux-s390x-gnu' ]
924 verbose reify failed optional dependency /public/frontend/node_modules/@rolldown/binding-linux-ppc64-gnu
925 silly reify mark deleted [ '/public/frontend/node_modules/@rolldown/binding-linux-ppc64-gnu' ]
926 verbose reify failed optional dependency /public/frontend/node_modules/@rolldown/binding-linux-arm64-gnu
927 silly reify mark deleted [ '/public/frontend/node_modules/@rolldown/binding-linux-arm64-gnu' ]
928 verbose reify failed optional dependency /public/frontend/node_modules/@rolldown/binding-linux-arm-gnueabihf
929 silly reify mark deleted [
929 silly reify   '/public/frontend/node_modules/@rolldown/binding-linux-arm-gnueabihf'
929 silly reify ]
930 verbose reify failed optional dependency /public/frontend/node_modules/@rolldown/binding-freebsd-x64
931 silly reify mark deleted [ '/public/frontend/node_modules/@rolldown/binding-freebsd-x64' ]
932 verbose reify failed optional dependency /public/frontend/node_modules/@rolldown/binding-darwin-x64
933 silly reify mark deleted [ '/public/frontend/node_modules/@rolldown/binding-darwin-x64' ]
934 verbose reify failed optional dependency /public/frontend/node_modules/@rolldown/binding-darwin-arm64
935 silly reify mark deleted [ '/public/frontend/node_modules/@rolldown/binding-darwin-arm64' ]
936 verbose reify failed optional dependency /public/frontend/node_modules/@rolldown/binding-android-arm64
937 silly reify mark deleted [ '/public/frontend/node_modules/@rolldown/binding-android-arm64' ]
938 verbose reify failed optional dependency /public/frontend/node_modules/fsevents
939 silly reify mark deleted [ '/public/frontend/node_modules/fsevents' ]
940 verbose reify failed optional dependency /public/frontend/node_modules/@oxlint/binding-win32-x64-msvc
941 silly reify mark deleted [ '/public/frontend/node_modules/@oxlint/binding-win32-x64-msvc' ]
942 verbose reify failed optional dependency /public/frontend/node_modules/@oxlint/binding-win32-ia32-msvc
943 silly reify mark deleted [ '/public/frontend/node_modules/@oxlint/binding-win32-ia32-msvc' ]
944 verbose reify failed optional dependency /public/frontend/node_modules/@oxlint/binding-win32-arm64-msvc
945 silly reify mark deleted [ '/public/frontend/node_modules/@oxlint/binding-win32-arm64-msvc' ]
946 verbose reify failed optional dependency /public/frontend/node_modules/@oxlint/binding-openharmony-arm64
947 silly reify mark deleted [ '/public/frontend/node_modules/@oxlint/binding-openharmony-arm64' ]
948 verbose reify failed optional dependency /public/frontend/node_modules/@oxlint/binding-linux-x64-musl
949 silly reify mark deleted [ '/public/frontend/node_modules/@oxlint/binding-linux-x64-musl' ]
950 verbose reify failed optional dependency /public/frontend/node_modules/@oxlint/binding-linux-x64-gnu
951 silly reify mark deleted [ '/public/frontend/node_modules/@oxlint/binding-linux-x64-gnu' ]
952 verbose reify failed optional dependency /public/frontend/node_modules/@oxlint/binding-linux-s390x-gnu
953 silly reify mark deleted [ '/public/frontend/node_modules/@oxlint/binding-linux-s390x-gnu' ]
954 verbose reify failed optional dependency /public/frontend/node_modules/@oxlint/binding-linux-riscv64-musl
955 silly reify mark deleted [ '/public/frontend/node_modules/@oxlint/binding-linux-riscv64-musl' ]
956 verbose reify failed optional dependency /public/frontend/node_modules/@oxlint/binding-linux-riscv64-gnu
957 silly reify mark deleted [ '/public/frontend/node_modules/@oxlint/binding-linux-riscv64-gnu' ]
958 verbose reify failed optional dependency /public/frontend/node_modules/@oxlint/binding-linux-ppc64-gnu
959 silly reify mark deleted [ '/public/frontend/node_modules/@oxlint/binding-linux-ppc64-gnu' ]
960 verbose reify failed optional dependency /public/frontend/node_modules/@oxlint/binding-linux-arm64-gnu
961 silly reify mark deleted [ '/public/frontend/node_modules/@oxlint/binding-linux-arm64-gnu' ]
962 verbose reify failed optional dependency /public/frontend/node_modules/@oxlint/binding-linux-arm-musleabihf
963 silly reify mark deleted [
963 silly reify   '/public/frontend/node_modules/@oxlint/binding-linux-arm-musleabihf'
963 silly reify ]
964 verbose reify failed optional dependency /public/frontend/node_modules/@oxlint/binding-linux-arm-gnueabihf
965 silly reify mark deleted [ '/public/frontend/node_modules/@oxlint/binding-linux-arm-gnueabihf' ]
966 verbose reify failed optional dependency /public/frontend/node_modules/@oxlint/binding-freebsd-x64
967 silly reify mark deleted [ '/public/frontend/node_modules/@oxlint/binding-freebsd-x64' ]
968 verbose reify failed optional dependency /public/frontend/node_modules/@oxlint/binding-darwin-x64
969 silly reify mark deleted [ '/public/frontend/node_modules/@oxlint/binding-darwin-x64' ]
970 verbose reify failed optional dependency /public/frontend/node_modules/@oxlint/binding-darwin-arm64
971 silly reify mark deleted [ '/public/frontend/node_modules/@oxlint/binding-darwin-arm64' ]
972 verbose reify failed optional dependency /public/frontend/node_modules/@oxlint/binding-android-arm64
973 silly reify mark deleted [ '/public/frontend/node_modules/@oxlint/binding-android-arm64' ]
974 verbose reify failed optional dependency /public/frontend/node_modules/@oxlint/binding-android-arm-eabi
975 silly reify mark deleted [ '/public/frontend/node_modules/@oxlint/binding-android-arm-eabi' ]
976 verbose reify failed optional dependency /public/frontend/node_modules/lightningcss-win32-x64-msvc
977 silly reify mark deleted [ '/public/frontend/node_modules/lightningcss-win32-x64-msvc' ]
978 verbose reify failed optional dependency /public/frontend/node_modules/lightningcss-win32-arm64-msvc
979 silly reify mark deleted [ '/public/frontend/node_modules/lightningcss-win32-arm64-msvc' ]
980 verbose reify failed optional dependency /public/frontend/node_modules/lightningcss-linux-x64-musl
981 silly reify mark deleted [ '/public/frontend/node_modules/lightningcss-linux-x64-musl' ]
982 verbose reify failed optional dependency /public/frontend/node_modules/lightningcss-linux-x64-gnu
983 silly reify mark deleted [ '/public/frontend/node_modules/lightningcss-linux-x64-gnu' ]
984 verbose reify failed optional dependency /public/frontend/node_modules/lightningcss-linux-arm64-gnu
985 silly reify mark deleted [ '/public/frontend/node_modules/lightningcss-linux-arm64-gnu' ]
986 verbose reify failed optional dependency /public/frontend/node_modules/lightningcss-linux-arm-gnueabihf
987 silly reify mark deleted [ '/public/frontend/node_modules/lightningcss-linux-arm-gnueabihf' ]
988 verbose reify failed optional dependency /public/frontend/node_modules/lightningcss-freebsd-x64
989 silly reify mark deleted [ '/public/frontend/node_modules/lightningcss-freebsd-x64' ]
990 verbose reify failed optional dependency /public/frontend/node_modules/lightningcss-darwin-x64
991 silly reify mark deleted [ '/public/frontend/node_modules/lightningcss-darwin-x64' ]
992 verbose reify failed optional dependency /public/frontend/node_modules/lightningcss-darwin-arm64
993 silly reify mark deleted [ '/public/frontend/node_modules/lightningcss-darwin-arm64' ]
994 verbose reify failed optional dependency /public/frontend/node_modules/lightningcss-android-arm64
995 silly reify mark deleted [ '/public/frontend/node_modules/lightningcss-android-arm64' ]
996 verbose reify failed optional dependency /public/frontend/node_modules/@tailwindcss/oxide-win32-x64-msvc
997 silly reify mark deleted [ '/public/frontend/node_modules/@tailwindcss/oxide-win32-x64-msvc' ]
998 verbose reify failed optional dependency /public/frontend/node_modules/@tailwindcss/oxide-win32-arm64-msvc
999 silly reify mark deleted [ '/public/frontend/node_modules/@tailwindcss/oxide-win32-arm64-msvc' ]
1000 verbose reify failed optional dependency /public/frontend/node_modules/@tailwindcss/oxide-linux-x64-musl
1001 silly reify mark deleted [ '/public/frontend/node_modules/@tailwindcss/oxide-linux-x64-musl' ]
1002 verbose reify failed optional dependency /public/frontend/node_modules/@tailwindcss/oxide-linux-x64-gnu
1003 silly reify mark deleted [ '/public/frontend/node_modules/@tailwindcss/oxide-linux-x64-gnu' ]
1004 verbose reify failed optional dependency /public/frontend/node_modules/@tailwindcss/oxide-linux-arm64-gnu
1005 silly reify mark deleted [ '/public/frontend/node_modules/@tailwindcss/oxide-linux-arm64-gnu' ]
1006 verbose reify failed optional dependency /public/frontend/node_modules/@tailwindcss/oxide-linux-arm-gnueabihf
1007 silly reify mark deleted [
1007 silly reify   '/public/frontend/node_modules/@tailwindcss/oxide-linux-arm-gnueabihf'
1007 silly reify ]
1008 verbose reify failed optional dependency /public/frontend/node_modules/@tailwindcss/oxide-freebsd-x64
1009 silly reify mark deleted [ '/public/frontend/node_modules/@tailwindcss/oxide-freebsd-x64' ]
1010 verbose reify failed optional dependency /public/frontend/node_modules/@tailwindcss/oxide-darwin-x64
1011 silly reify mark deleted [ '/public/frontend/node_modules/@tailwindcss/oxide-darwin-x64' ]
1012 verbose reify failed optional dependency /public/frontend/node_modules/@tailwindcss/oxide-darwin-arm64
1013 silly reify mark deleted [ '/public/frontend/node_modules/@tailwindcss/oxide-darwin-arm64' ]
1014 verbose reify failed optional dependency /public/frontend/node_modules/@tailwindcss/oxide-android-arm64
1015 silly reify mark deleted [ '/public/frontend/node_modules/@tailwindcss/oxide-android-arm64' ]
1016 verbose reify failed optional dependency /public/frontend/node_modules/@parcel/watcher-win32-x64
1017 silly reify mark deleted [ '/public/frontend/node_modules/@parcel/watcher-win32-x64' ]
1018 verbose reify failed optional dependency /public/frontend/node_modules/@parcel/watcher-win32-ia32
1019 silly reify mark deleted [ '/public/frontend/node_modules/@parcel/watcher-win32-ia32' ]
1020 verbose reify failed optional dependency /public/frontend/node_modules/@parcel/watcher-win32-arm64
1021 silly reify mark deleted [ '/public/frontend/node_modules/@parcel/watcher-win32-arm64' ]
1022 verbose reify failed optional dependency /public/frontend/node_modules/@parcel/watcher-linux-x64-musl
1023 silly reify mark deleted [ '/public/frontend/node_modules/@parcel/watcher-linux-x64-musl' ]
1024 verbose reify failed optional dependency /public/frontend/node_modules/@parcel/watcher-linux-x64-glibc
1025 silly reify mark deleted [ '/public/frontend/node_modules/@parcel/watcher-linux-x64-glibc' ]
1026 verbose reify failed optional dependency /public/frontend/node_modules/@parcel/watcher-linux-arm64-glibc
1027 silly reify mark deleted [ '/public/frontend/node_modules/@parcel/watcher-linux-arm64-glibc' ]
1028 verbose reify failed optional dependency /public/frontend/node_modules/@parcel/watcher-linux-arm-musl
1029 silly reify mark deleted [ '/public/frontend/node_modules/@parcel/watcher-linux-arm-musl' ]
1030 verbose reify failed optional dependency /public/frontend/node_modules/@parcel/watcher-linux-arm-glibc
1031 silly reify mark deleted [ '/public/frontend/node_modules/@parcel/watcher-linux-arm-glibc' ]
1032 verbose reify failed optional dependency /public/frontend/node_modules/@parcel/watcher-freebsd-x64
1033 silly reify mark deleted [ '/public/frontend/node_modules/@parcel/watcher-freebsd-x64' ]
1034 verbose reify failed optional dependency /public/frontend/node_modules/@parcel/watcher-darwin-x64
1035 silly reify mark deleted [ '/public/frontend/node_modules/@parcel/watcher-darwin-x64' ]
1036 verbose reify failed optional dependency /public/frontend/node_modules/@parcel/watcher-darwin-arm64
1037 silly reify mark deleted [ '/public/frontend/node_modules/@parcel/watcher-darwin-arm64' ]
1038 verbose reify failed optional dependency /public/frontend/node_modules/@parcel/watcher-android-arm64
1039 silly reify mark deleted [ '/public/frontend/node_modules/@parcel/watcher-android-arm64' ]
1040 verbose reify failed optional dependency /public/frontend/node_modules/vite/node_modules/lightningcss-win32-x64-msvc
1041 silly reify mark deleted [
1041 silly reify   '/public/frontend/node_modules/vite/node_modules/lightningcss-win32-x64-msvc'
1041 silly reify ]
1042 verbose reify failed optional dependency /public/frontend/node_modules/vite/node_modules/lightningcss-win32-arm64-msvc
1043 silly reify mark deleted [
1043 silly reify   '/public/frontend/node_modules/vite/node_modules/lightningcss-win32-arm64-msvc'
1043 silly reify ]
1044 verbose reify failed optional dependency /public/frontend/node_modules/vite/node_modules/lightningcss-linux-x64-musl
1045 silly reify mark deleted [
1045 silly reify   '/public/frontend/node_modules/vite/node_modules/lightningcss-linux-x64-musl'
1045 silly reify ]
1046 verbose reify failed optional dependency /public/frontend/node_modules/vite/node_modules/lightningcss-linux-x64-gnu
1047 silly reify mark deleted [
1047 silly reify   '/public/frontend/node_modules/vite/node_modules/lightningcss-linux-x64-gnu'
1047 silly reify ]
1048 verbose reify failed optional dependency /public/frontend/node_modules/vite/node_modules/lightningcss-linux-arm64-gnu
1049 silly reify mark deleted [
1049 silly reify   '/public/frontend/node_modules/vite/node_modules/lightningcss-linux-arm64-gnu'
1049 silly reify ]
1050 verbose reify failed optional dependency /public/frontend/node_modules/vite/node_modules/lightningcss-linux-arm-gnueabihf
1051 silly reify mark deleted [
1051 silly reify   '/public/frontend/node_modules/vite/node_modules/lightningcss-linux-arm-gnueabihf'
1051 silly reify ]
1052 verbose reify failed optional dependency /public/frontend/node_modules/vite/node_modules/lightningcss-freebsd-x64
1053 silly reify mark deleted [
1053 silly reify   '/public/frontend/node_modules/vite/node_modules/lightningcss-freebsd-x64'
1053 silly reify ]
1054 verbose reify failed optional dependency /public/frontend/node_modules/vite/node_modules/lightningcss-darwin-x64
1055 silly reify mark deleted [
1055 silly reify   '/public/frontend/node_modules/vite/node_modules/lightningcss-darwin-x64'
1055 silly reify ]
1056 verbose reify failed optional dependency /public/frontend/node_modules/vite/node_modules/lightningcss-darwin-arm64
1057 silly reify mark deleted [
1057 silly reify   '/public/frontend/node_modules/vite/node_modules/lightningcss-darwin-arm64'
1057 silly reify ]
1058 verbose reify failed optional dependency /public/frontend/node_modules/vite/node_modules/lightningcss-android-arm64
1059 silly reify mark deleted [
1059 silly reify   '/public/frontend/node_modules/vite/node_modules/lightningcss-android-arm64'
1059 silly reify ]
1060 http cache @rolldown/binding-linux-arm64-musl@https://registry.npmjs.org/@rolldown/binding-linux-arm64-musl/-/binding-linux-arm64-musl-1.2.4.tgz 0ms (cache hit)
1061 http cache @oxc-project/types@https://registry.npmjs.org/@oxc-project/types/-/types-0.144.0.tgz 0ms (cache hit)
1062 http cache scheduler@https://registry.npmjs.org/scheduler/-/scheduler-0.27.0.tgz 0ms (cache hit)
1063 http cache rolldown@https://registry.npmjs.org/rolldown/-/rolldown-1.2.4.tgz 0ms (cache hit)
1064 http cache escalade@https://registry.npmjs.org/escalade/-/escalade-3.2.0.tgz 1ms (cache hit)
1065 http cache is-number@https://registry.npmjs.org/is-number/-/is-number-7.0.0.tgz 0ms (cache hit)
1066 http cache braces@https://registry.npmjs.org/braces/-/braces-3.0.3.tgz 0ms (cache hit)
1067 http cache to-regex-range@https://registry.npmjs.org/to-regex-range/-/to-regex-range-5.0.1.tgz 0ms (cache hit)
1068 http cache nanoid@https://registry.npmjs.org/nanoid/-/nanoid-3.3.18.tgz 0ms (cache hit)
1069 http cache lightningcss-linux-arm64-musl@https://registry.npmjs.org/lightningcss-linux-arm64-musl/-/lightningcss-linux-arm64-musl-1.32.0.tgz 0ms (cache hit)
1070 http cache @oxlint/binding-linux-arm64-musl@https://registry.npmjs.org/@oxlint/binding-linux-arm64-musl/-/binding-linux-arm64-musl-1.78.0.tgz 0ms (cache hit)
1071 http cache is-extglob@https://registry.npmjs.org/is-extglob/-/is-extglob-2.1.1.tgz 0ms (cache hit)
1072 http cache baseline-browser-mapping@https://registry.npmjs.org/baseline-browser-mapping/-/baseline-browser-mapping-2.11.14.tgz 0ms (cache hit)
1073 http cache postcss-value-parser@https://registry.npmjs.org/postcss-value-parser/-/postcss-value-parser-4.2.0.tgz 0ms (cache hit)
1074 http cache graceful-fs@https://registry.npmjs.org/graceful-fs/-/graceful-fs-4.2.11.tgz 0ms (cache hit)
1075 http cache fraction.js@https://registry.npmjs.org/fraction.js/-/fraction.js-5.3.4.tgz 0ms (cache hit)
1076 http cache caniuse-lite@https://registry.npmjs.org/caniuse-lite/-/caniuse-lite-1.0.30001809.tgz 0ms (cache hit)
1077 http cache browserslist@https://registry.npmjs.org/browserslist/-/browserslist-4.28.8.tgz 0ms (cache hit)
1078 http cache @rolldown/pluginutils@https://registry.npmjs.org/@rolldown/pluginutils/-/pluginutils-1.0.1.tgz 0ms (cache hit)
1079 http cache csstype@https://registry.npmjs.org/csstype/-/csstype-3.2.3.tgz 0ms (cache hit)
1080 http cache @tailwindcss/oxide-linux-arm64-musl@https://registry.npmjs.org/@tailwindcss/oxide-linux-arm64-musl/-/oxide-linux-arm64-musl-4.3.3.tgz 0ms (cache hit)
1081 http cache node-releases@https://registry.npmjs.org/node-releases/-/node-releases-2.0.53.tgz 0ms (cache hit)
1082 http cache @jridgewell/resolve-uri@https://registry.npmjs.org/@jridgewell/resolve-uri/-/resolve-uri-3.1.2.tgz 0ms (cache hit)
1083 http cache tinyglobby@https://registry.npmjs.org/tinyglobby/-/tinyglobby-0.2.17.tgz 0ms (cache hit)
1084 http cache @jridgewell/sourcemap-codec@https://registry.npmjs.org/@jridgewell/sourcemap-codec/-/sourcemap-codec-1.5.5.tgz 0ms (cache hit)
1085 http cache update-browserslist-db@https://registry.npmjs.org/update-browserslist-db/-/update-browserslist-db-1.3.1.tgz 0ms (cache hit)
1086 http cache @jridgewell/trace-mapping@https://registry.npmjs.org/@jridgewell/trace-mapping/-/trace-mapping-0.3.31.tgz 0ms (cache hit)
1087 http cache source-map-js@https://registry.npmjs.org/source-map-js/-/source-map-js-1.2.1.tgz 0ms (cache hit)
1088 http cache lightningcss@https://registry.npmjs.org/lightningcss/-/lightningcss-1.32.0.tgz 0ms (cache hit)
1089 http cache magic-string@https://registry.npmjs.org/magic-string/-/magic-string-0.30.21.tgz 0ms (cache hit)
1090 http cache jiti@https://registry.npmjs.org/jiti/-/jiti-2.7.0.tgz 0ms (cache hit)
1091 http cache electron-to-chromium@https://registry.npmjs.org/electron-to-chromium/-/electron-to-chromium-1.5.407.tgz 0ms (cache hit)
1092 http cache @jridgewell/remapping@https://registry.npmjs.org/@jridgewell/remapping/-/remapping-2.3.5.tgz 0ms (cache hit)
1093 http cache is-glob@https://registry.npmjs.org/is-glob/-/is-glob-4.0.3.tgz 0ms (cache hit)
1094 http cache detect-libc@https://registry.npmjs.org/detect-libc/-/detect-libc-1.0.3.tgz 0ms (cache hit)
1095 http cache fill-range@https://registry.npmjs.org/fill-range/-/fill-range-7.1.1.tgz 0ms (cache hit)
1096 http cache micromatch@https://registry.npmjs.org/micromatch/-/micromatch-4.0.8.tgz 0ms (cache hit)
1097 http cache tapable@https://registry.npmjs.org/tapable/-/tapable-2.3.3.tgz 0ms (cache hit)
1098 http cache @parcel/watcher-linux-arm64-musl@https://registry.npmjs.org/@parcel/watcher-linux-arm64-musl/-/watcher-linux-arm64-musl-2.5.1.tgz 0ms (cache hit)
1099 http cache picocolors@https://registry.npmjs.org/picocolors/-/picocolors-1.1.1.tgz 0ms (cache hit)
1100 http cache enhanced-resolve@https://registry.npmjs.org/enhanced-resolve/-/enhanced-resolve-5.24.5.tgz 0ms (cache hit)
1101 http cache mri@https://registry.npmjs.org/mri/-/mri-1.2.0.tgz 0ms (cache hit)
1102 http cache @jridgewell/gen-mapping@https://registry.npmjs.org/@jridgewell/gen-mapping/-/gen-mapping-0.3.13.tgz 0ms (cache hit)
1103 http cache @parcel/watcher@https://registry.npmjs.org/@parcel/watcher/-/watcher-2.5.1.tgz 0ms (cache hit)
1104 http cache tailwindcss@https://registry.npmjs.org/tailwindcss/-/tailwindcss-4.3.3.tgz 0ms (cache hit)
1105 http cache @tailwindcss/node@https://registry.npmjs.org/@tailwindcss/node/-/node-4.3.3.tgz 0ms (cache hit)
1106 http cache @tailwindcss/oxide@https://registry.npmjs.org/@tailwindcss/oxide/-/oxide-4.3.3.tgz 0ms (cache hit)
1107 http cache react-dom@https://registry.npmjs.org/react-dom/-/react-dom-19.2.8.tgz 0ms (cache hit)
1108 http cache node-addon-api@https://registry.npmjs.org/node-addon-api/-/node-addon-api-7.1.1.tgz 0ms (cache hit)
1109 http cache oxlint@https://registry.npmjs.org/oxlint/-/oxlint-1.78.0.tgz 0ms (cache hit)
1110 http cache postcss@https://registry.npmjs.org/postcss/-/postcss-8.5.26.tgz 0ms (cache hit)
1111 http cache react@https://registry.npmjs.org/react/-/react-19.2.8.tgz 0ms (cache hit)
1112 http cache @vitejs/plugin-react@https://registry.npmjs.org/@vitejs/plugin-react/-/plugin-react-6.0.5.tgz 0ms (cache hit)
1113 http cache vite@https://registry.npmjs.org/vite/-/vite-8.2.1.tgz 0ms (cache hit)
1114 http cache @types/react-dom@https://registry.npmjs.org/@types/react-dom/-/react-dom-19.2.4.tgz 0ms (cache hit)
1115 http cache @tailwindcss/cli@https://registry.npmjs.org/@tailwindcss/cli/-/cli-4.3.3.tgz 0ms (cache hit)
1116 http cache fdir@https://registry.npmjs.org/fdir/-/fdir-6.5.0.tgz 0ms (cache hit)
1117 http cache lightningcss-linux-arm64-musl@https://registry.npmjs.org/lightningcss-linux-arm64-musl/-/lightningcss-linux-arm64-musl-1.33.0.tgz 0ms (cache hit)
1118 http cache detect-libc@https://registry.npmjs.org/detect-libc/-/detect-libc-2.1.2.tgz 0ms (cache hit)
1119 http cache picomatch@https://registry.npmjs.org/picomatch/-/picomatch-4.0.5.tgz 0ms (cache hit)
1120 http cache lightningcss@https://registry.npmjs.org/lightningcss/-/lightningcss-1.33.0.tgz 0ms (cache hit)
1121 http cache picomatch@https://registry.npmjs.org/picomatch/-/picomatch-4.0.5.tgz 0ms (cache hit)
1122 http cache @types/react@https://registry.npmjs.org/@types/react/-/react-19.2.18.tgz 0ms (cache hit)
1123 http cache detect-libc@https://registry.npmjs.org/detect-libc/-/detect-libc-2.1.2.tgz 0ms (cache hit)
1124 silly tarball no local data for @oxc-project/types@https://registry.npmjs.org/@oxc-project/types/-/types-0.144.0.tgz. Extracting by manifest.
1125 http cache picomatch@https://registry.npmjs.org/picomatch/-/picomatch-2.3.2.tgz 0ms (cache hit)
1126 silly tarball no local data for @rolldown/binding-linux-arm64-musl@https://registry.npmjs.org/@rolldown/binding-linux-arm64-musl/-/binding-linux-arm64-musl-1.2.4.tgz. Extracting by manifest.
1127 silly tarball no local data for scheduler@https://registry.npmjs.org/scheduler/-/scheduler-0.27.0.tgz. Extracting by manifest.
1128 silly tarball no local data for escalade@https://registry.npmjs.org/escalade/-/escalade-3.2.0.tgz. Extracting by manifest.
1129 silly tarball no local data for rolldown@https://registry.npmjs.org/rolldown/-/rolldown-1.2.4.tgz. Extracting by manifest.
1130 silly tarball no local data for is-number@https://registry.npmjs.org/is-number/-/is-number-7.0.0.tgz. Extracting by manifest.
1131 http cache autoprefixer@https://registry.npmjs.org/autoprefixer/-/autoprefixer-10.5.4.tgz 0ms (cache hit)
1132 silly tarball no local data for nanoid@https://registry.npmjs.org/nanoid/-/nanoid-3.3.18.tgz. Extracting by manifest.
1133 silly tarball no local data for braces@https://registry.npmjs.org/braces/-/braces-3.0.3.tgz. Extracting by manifest.
1134 silly tarball no local data for to-regex-range@https://registry.npmjs.org/to-regex-range/-/to-regex-range-5.0.1.tgz. Extracting by manifest.
1135 silly tarball no local data for @oxlint/binding-linux-arm64-musl@https://registry.npmjs.org/@oxlint/binding-linux-arm64-musl/-/binding-linux-arm64-musl-1.78.0.tgz. Extracting by manifest.
1136 silly tarball no local data for lightningcss-linux-arm64-musl@https://registry.npmjs.org/lightningcss-linux-arm64-musl/-/lightningcss-linux-arm64-musl-1.32.0.tgz. Extracting by manifest.
1137 silly tarball no local data for is-extglob@https://registry.npmjs.org/is-extglob/-/is-extglob-2.1.1.tgz. Extracting by manifest.
1138 silly tarball no local data for baseline-browser-mapping@https://registry.npmjs.org/baseline-browser-mapping/-/baseline-browser-mapping-2.11.14.tgz. Extracting by manifest.
1139 silly tarball no local data for postcss-value-parser@https://registry.npmjs.org/postcss-value-parser/-/postcss-value-parser-4.2.0.tgz. Extracting by manifest.
1140 silly tarball no local data for graceful-fs@https://registry.npmjs.org/graceful-fs/-/graceful-fs-4.2.11.tgz. Extracting by manifest.
1141 silly tarball no local data for fraction.js@https://registry.npmjs.org/fraction.js/-/fraction.js-5.3.4.tgz. Extracting by manifest.
1142 silly tarball no local data for caniuse-lite@https://registry.npmjs.org/caniuse-lite/-/caniuse-lite-1.0.30001809.tgz. Extracting by manifest.
1143 silly tarball no local data for browserslist@https://registry.npmjs.org/browserslist/-/browserslist-4.28.8.tgz. Extracting by manifest.
1144 silly tarball no local data for @rolldown/pluginutils@https://registry.npmjs.org/@rolldown/pluginutils/-/pluginutils-1.0.1.tgz. Extracting by manifest.
1145 silly tarball no local data for csstype@https://registry.npmjs.org/csstype/-/csstype-3.2.3.tgz. Extracting by manifest.
1146 silly tarball no local data for @tailwindcss/oxide-linux-arm64-musl@https://registry.npmjs.org/@tailwindcss/oxide-linux-arm64-musl/-/oxide-linux-arm64-musl-4.3.3.tgz. Extracting by manifest.
1147 silly tarball no local data for node-releases@https://registry.npmjs.org/node-releases/-/node-releases-2.0.53.tgz. Extracting by manifest.
1148 silly tarball no local data for @jridgewell/resolve-uri@https://registry.npmjs.org/@jridgewell/resolve-uri/-/resolve-uri-3.1.2.tgz. Extracting by manifest.
1149 silly tarball no local data for tinyglobby@https://registry.npmjs.org/tinyglobby/-/tinyglobby-0.2.17.tgz. Extracting by manifest.
1150 silly tarball no local data for @jridgewell/sourcemap-codec@https://registry.npmjs.org/@jridgewell/sourcemap-codec/-/sourcemap-codec-1.5.5.tgz. Extracting by manifest.
1151 silly tarball no local data for update-browserslist-db@https://registry.npmjs.org/update-browserslist-db/-/update-browserslist-db-1.3.1.tgz. Extracting by manifest.
1152 silly tarball no local data for @jridgewell/trace-mapping@https://registry.npmjs.org/@jridgewell/trace-mapping/-/trace-mapping-0.3.31.tgz. Extracting by manifest.
1153 silly tarball no local data for source-map-js@https://registry.npmjs.org/source-map-js/-/source-map-js-1.2.1.tgz. Extracting by manifest.
1154 silly tarball no local data for magic-string@https://registry.npmjs.org/magic-string/-/magic-string-0.30.21.tgz. Extracting by manifest.
1155 silly tarball no local data for lightningcss@https://registry.npmjs.org/lightningcss/-/lightningcss-1.32.0.tgz. Extracting by manifest.
1156 silly tarball no local data for jiti@https://registry.npmjs.org/jiti/-/jiti-2.7.0.tgz. Extracting by manifest.
1157 silly tarball no local data for electron-to-chromium@https://registry.npmjs.org/electron-to-chromium/-/electron-to-chromium-1.5.407.tgz. Extracting by manifest.
1158 silly tarball no local data for @jridgewell/remapping@https://registry.npmjs.org/@jridgewell/remapping/-/remapping-2.3.5.tgz. Extracting by manifest.
1159 silly tarball no local data for is-glob@https://registry.npmjs.org/is-glob/-/is-glob-4.0.3.tgz. Extracting by manifest.
1160 silly tarball no local data for detect-libc@https://registry.npmjs.org/detect-libc/-/detect-libc-1.0.3.tgz. Extracting by manifest.
1161 silly tarball no local data for fill-range@https://registry.npmjs.org/fill-range/-/fill-range-7.1.1.tgz. Extracting by manifest.
1162 silly tarball no local data for micromatch@https://registry.npmjs.org/micromatch/-/micromatch-4.0.8.tgz. Extracting by manifest.
1163 silly tarball no local data for tapable@https://registry.npmjs.org/tapable/-/tapable-2.3.3.tgz. Extracting by manifest.
1164 silly tarball no local data for @parcel/watcher-linux-arm64-musl@https://registry.npmjs.org/@parcel/watcher-linux-arm64-musl/-/watcher-linux-arm64-musl-2.5.1.tgz. Extracting by manifest.
1165 silly tarball no local data for picocolors@https://registry.npmjs.org/picocolors/-/picocolors-1.1.1.tgz. Extracting by manifest.
1166 silly tarball no local data for enhanced-resolve@https://registry.npmjs.org/enhanced-resolve/-/enhanced-resolve-5.24.5.tgz. Extracting by manifest.
1167 silly tarball no local data for mri@https://registry.npmjs.org/mri/-/mri-1.2.0.tgz. Extracting by manifest.
1168 silly tarball no local data for @jridgewell/gen-mapping@https://registry.npmjs.org/@jridgewell/gen-mapping/-/gen-mapping-0.3.13.tgz. Extracting by manifest.
1169 silly tarball no local data for @parcel/watcher@https://registry.npmjs.org/@parcel/watcher/-/watcher-2.5.1.tgz. Extracting by manifest.
1170 silly tarball no local data for tailwindcss@https://registry.npmjs.org/tailwindcss/-/tailwindcss-4.3.3.tgz. Extracting by manifest.
1171 silly tarball no local data for @tailwindcss/node@https://registry.npmjs.org/@tailwindcss/node/-/node-4.3.3.tgz. Extracting by manifest.
1172 silly tarball no local data for @tailwindcss/oxide@https://registry.npmjs.org/@tailwindcss/oxide/-/oxide-4.3.3.tgz. Extracting by manifest.
1173 silly tarball no local data for react-dom@https://registry.npmjs.org/react-dom/-/react-dom-19.2.8.tgz. Extracting by manifest.
1174 silly tarball no local data for node-addon-api@https://registry.npmjs.org/node-addon-api/-/node-addon-api-7.1.1.tgz. Extracting by manifest.
1175 silly tarball no local data for oxlint@https://registry.npmjs.org/oxlint/-/oxlint-1.78.0.tgz. Extracting by manifest.
1176 silly tarball no local data for postcss@https://registry.npmjs.org/postcss/-/postcss-8.5.26.tgz. Extracting by manifest.
1177 silly tarball no local data for react@https://registry.npmjs.org/react/-/react-19.2.8.tgz. Extracting by manifest.
1178 silly tarball no local data for @vitejs/plugin-react@https://registry.npmjs.org/@vitejs/plugin-react/-/plugin-react-6.0.5.tgz. Extracting by manifest.
1179 silly tarball no local data for vite@https://registry.npmjs.org/vite/-/vite-8.2.1.tgz. Extracting by manifest.
1180 silly tarball no local data for @types/react-dom@https://registry.npmjs.org/@types/react-dom/-/react-dom-19.2.4.tgz. Extracting by manifest.
1181 silly tarball no local data for @tailwindcss/cli@https://registry.npmjs.org/@tailwindcss/cli/-/cli-4.3.3.tgz. Extracting by manifest.
1182 silly tarball no local data for fdir@https://registry.npmjs.org/fdir/-/fdir-6.5.0.tgz. Extracting by manifest.
1183 silly tarball no local data for lightningcss-linux-arm64-musl@https://registry.npmjs.org/lightningcss-linux-arm64-musl/-/lightningcss-linux-arm64-musl-1.33.0.tgz. Extracting by manifest.
1184 silly tarball no local data for detect-libc@https://registry.npmjs.org/detect-libc/-/detect-libc-2.1.2.tgz. Extracting by manifest.
1185 silly tarball no local data for picomatch@https://registry.npmjs.org/picomatch/-/picomatch-4.0.5.tgz. Extracting by manifest.
1186 silly tarball no local data for lightningcss@https://registry.npmjs.org/lightningcss/-/lightningcss-1.33.0.tgz. Extracting by manifest.
1187 silly tarball no local data for picomatch@https://registry.npmjs.org/picomatch/-/picomatch-4.0.5.tgz. Extracting by manifest.
1188 silly tarball no local data for @types/react@https://registry.npmjs.org/@types/react/-/react-19.2.18.tgz. Extracting by manifest.
1189 silly tarball no local data for detect-libc@https://registry.npmjs.org/detect-libc/-/detect-libc-2.1.2.tgz. Extracting by manifest.
1190 silly tarball no local data for picomatch@https://registry.npmjs.org/picomatch/-/picomatch-2.3.2.tgz. Extracting by manifest.
1191 silly tarball no local data for autoprefixer@https://registry.npmjs.org/autoprefixer/-/autoprefixer-10.5.4.tgz. Extracting by manifest.
1192 http fetch POST 200 https://registry.npmjs.org/-/npm/v1/security/advisories/bulk 372ms
1193 silly audit report {}
1194 http fetch GET 200 https://registry.npmjs.org/@oxc-project/types/-/types-0.144.0.tgz 328ms (cache miss)
1195 http fetch GET 200 https://registry.npmjs.org/scheduler/-/scheduler-0.27.0.tgz 326ms (cache miss)
1196 http fetch GET 200 https://registry.npmjs.org/escalade/-/escalade-3.2.0.tgz 326ms (cache miss)
1197 http fetch GET 200 https://registry.npmjs.org/is-number/-/is-number-7.0.0.tgz 326ms (cache miss)
1198 http fetch GET 200 https://registry.npmjs.org/graceful-fs/-/graceful-fs-4.2.11.tgz 450ms (cache miss)
1199 http fetch GET 200 https://registry.npmjs.org/fraction.js/-/fraction.js-5.3.4.tgz 515ms (cache miss)
1200 http fetch GET 200 https://registry.npmjs.org/@rolldown/pluginutils/-/pluginutils-1.0.1.tgz 516ms (cache miss)
1201 http fetch GET 200 https://registry.npmjs.org/browserslist/-/browserslist-4.28.8.tgz 658ms (cache miss)
1202 http fetch GET 200 https://registry.npmjs.org/rolldown/-/rolldown-1.2.4.tgz 771ms (cache miss)
1203 http fetch GET 200 https://registry.npmjs.org/node-releases/-/node-releases-2.0.53.tgz 1082ms (cache miss)
1204 http fetch GET 200 https://registry.npmjs.org/is-extglob/-/is-extglob-2.1.1.tgz 1163ms (cache miss)
1205 http fetch GET 200 https://registry.npmjs.org/@jridgewell/resolve-uri/-/resolve-uri-3.1.2.tgz 1215ms (cache miss)
1206 http fetch GET 200 https://registry.npmjs.org/baseline-browser-mapping/-/baseline-browser-mapping-2.11.14.tgz 1230ms (cache miss)
1207 http fetch GET 200 https://registry.npmjs.org/to-regex-range/-/to-regex-range-5.0.1.tgz 1394ms (cache miss)
1208 http fetch GET 200 https://registry.npmjs.org/tinyglobby/-/tinyglobby-0.2.17.tgz 1383ms (cache miss)
1209 http fetch GET 200 https://registry.npmjs.org/postcss-value-parser/-/postcss-value-parser-4.2.0.tgz 1450ms (cache miss)
1210 http fetch GET 200 https://registry.npmjs.org/braces/-/braces-3.0.3.tgz 1538ms (cache miss)
1211 http fetch GET 200 https://registry.npmjs.org/@jridgewell/sourcemap-codec/-/sourcemap-codec-1.5.5.tgz 1739ms (cache miss)
1212 http fetch GET 200 https://registry.npmjs.org/update-browserslist-db/-/update-browserslist-db-1.3.1.tgz 1757ms (cache miss)
1213 http fetch GET 200 https://registry.npmjs.org/@jridgewell/trace-mapping/-/trace-mapping-0.3.31.tgz 1945ms (cache miss)
1214 http fetch GET 200 https://registry.npmjs.org/source-map-js/-/source-map-js-1.2.1.tgz 1954ms (cache miss)
1215 http fetch GET 200 https://registry.npmjs.org/caniuse-lite/-/caniuse-lite-1.0.30001809.tgz 1971ms (cache miss)
1216 http fetch GET 200 https://registry.npmjs.org/magic-string/-/magic-string-0.30.21.tgz 2241ms (cache miss)
1217 http fetch GET 200 https://registry.npmjs.org/electron-to-chromium/-/electron-to-chromium-1.5.407.tgz 2317ms (cache miss)
1218 http fetch GET 200 https://registry.npmjs.org/is-glob/-/is-glob-4.0.3.tgz 2457ms (cache miss)
1219 http fetch GET 200 https://registry.npmjs.org/detect-libc/-/detect-libc-1.0.3.tgz 2490ms (cache miss)
1220 http fetch GET 200 https://registry.npmjs.org/@jridgewell/remapping/-/remapping-2.3.5.tgz 2492ms (cache miss)
1221 http fetch GET 200 https://registry.npmjs.org/fill-range/-/fill-range-7.1.1.tgz 2623ms (cache miss)
1222 http fetch GET 200 https://registry.npmjs.org/micromatch/-/micromatch-4.0.8.tgz 2665ms (cache miss)
1223 http fetch GET 200 https://registry.npmjs.org/lightningcss/-/lightningcss-1.32.0.tgz 2745ms (cache miss)
1224 http fetch GET 200 https://registry.npmjs.org/csstype/-/csstype-3.2.3.tgz 2831ms (cache miss)
1225 http fetch GET 200 https://registry.npmjs.org/tapable/-/tapable-2.3.3.tgz 2830ms (cache miss)
1226 http fetch GET 200 https://registry.npmjs.org/nanoid/-/nanoid-3.3.18.tgz 3082ms (cache miss)
1227 http fetch GET 200 https://registry.npmjs.org/picocolors/-/picocolors-1.1.1.tgz 3094ms (cache miss)
1228 http fetch GET 200 https://registry.npmjs.org/mri/-/mri-1.2.0.tgz 3133ms (cache miss)
1229 http fetch GET 200 https://registry.npmjs.org/@jridgewell/gen-mapping/-/gen-mapping-0.3.13.tgz 3256ms (cache miss)
1230 http fetch GET 200 https://registry.npmjs.org/enhanced-resolve/-/enhanced-resolve-5.24.5.tgz 3290ms (cache miss)
1231 http fetch GET 200 https://registry.npmjs.org/@tailwindcss/oxide/-/oxide-4.3.3.tgz 3289ms (cache miss)
1232 http fetch GET 200 https://registry.npmjs.org/@parcel/watcher/-/watcher-2.5.1.tgz 3337ms (cache miss)
1233 http fetch GET 200 https://registry.npmjs.org/@tailwindcss/node/-/node-4.3.3.tgz 3398ms (cache miss)
1234 http fetch GET 200 https://registry.npmjs.org/node-addon-api/-/node-addon-api-7.1.1.tgz 3509ms (cache miss)
1235 http fetch GET 200 https://registry.npmjs.org/jiti/-/jiti-2.7.0.tgz 3678ms (cache miss)
1236 http fetch GET 200 https://registry.npmjs.org/@vitejs/plugin-react/-/plugin-react-6.0.5.tgz 3681ms (cache miss)
1237 http fetch GET 200 https://registry.npmjs.org/react/-/react-19.2.8.tgz 3695ms (cache miss)
1238 http fetch GET 200 https://registry.npmjs.org/oxlint/-/oxlint-1.78.0.tgz 3732ms (cache miss)
1239 http fetch GET 200 https://registry.npmjs.org/postcss/-/postcss-8.5.26.tgz 3767ms (cache miss)
1240 http fetch GET 200 https://registry.npmjs.org/@parcel/watcher-linux-arm64-musl/-/watcher-linux-arm64-musl-2.5.1.tgz 3805ms (cache miss)
1241 http fetch GET 200 https://registry.npmjs.org/@tailwindcss/cli/-/cli-4.3.3.tgz 3930ms (cache miss)
1242 http fetch GET 200 https://registry.npmjs.org/detect-libc/-/detect-libc-2.1.2.tgz 3936ms (cache miss)
1243 http fetch GET 200 https://registry.npmjs.org/fdir/-/fdir-6.5.0.tgz 3938ms (cache miss)
1244 http fetch GET 200 https://registry.npmjs.org/tailwindcss/-/tailwindcss-4.3.3.tgz 3960ms (cache miss)
1245 http fetch GET 200 https://registry.npmjs.org/picomatch/-/picomatch-4.0.5.tgz 4000ms (cache miss)
1246 http fetch GET 200 https://registry.npmjs.org/lightningcss/-/lightningcss-1.33.0.tgz 4065ms (cache miss)
1247 http fetch GET 200 https://registry.npmjs.org/picomatch/-/picomatch-4.0.5.tgz 4150ms (cache miss)
1248 http fetch GET 200 https://registry.npmjs.org/@types/react-dom/-/react-dom-19.2.4.tgz 4226ms (cache miss)
1249 http fetch GET 200 https://registry.npmjs.org/picomatch/-/picomatch-2.3.2.tgz 4511ms (cache miss)
1250 http fetch GET 200 https://registry.npmjs.org/autoprefixer/-/autoprefixer-10.5.4.tgz 4550ms (cache miss)
1251 http fetch GET 200 https://registry.npmjs.org/@types/react/-/react-19.2.18.tgz 4703ms (cache miss)
1252 http fetch GET 200 https://registry.npmjs.org/@tailwindcss/oxide-linux-arm64-musl/-/oxide-linux-arm64-musl-4.3.3.tgz 4848ms (cache miss)
1253 http fetch GET 200 https://registry.npmjs.org/detect-libc/-/detect-libc-2.1.2.tgz 4981ms (cache miss)
1254 http fetch GET 200 https://registry.npmjs.org/vite/-/vite-8.2.1.tgz 5205ms (cache miss)
1255 http fetch GET 200 https://registry.npmjs.org/react-dom/-/react-dom-19.2.8.tgz 5992ms (cache miss)
1256 http fetch GET 200 https://registry.npmjs.org/lightningcss-linux-arm64-musl/-/lightningcss-linux-arm64-musl-1.33.0.tgz 8720ms (cache miss)
1257 http fetch GET 200 https://registry.npmjs.org/lightningcss-linux-arm64-musl/-/lightningcss-linux-arm64-musl-1.32.0.tgz 10313ms (cache miss)
1258 http fetch GET 200 https://registry.npmjs.org/@rolldown/binding-linux-arm64-musl/-/binding-linux-arm64-musl-1.2.4.tgz 13585ms (cache miss)
1259 http fetch GET 200 https://registry.npmjs.org/@oxlint/binding-linux-arm64-musl/-/binding-linux-arm64-musl-1.78.0.tgz 14073ms (cache miss)
1260 info run @parcel/watcher@2.5.1 install node_modules/@parcel/watcher node scripts/build-from-source.js
1261 info run @parcel/watcher@2.5.1 install { code: 0, signal: null }
1262 silly ADD
1263 silly ADD
1264 silly ADD
1265 silly ADD
1266 silly ADD
1267 silly ADD
1268 silly ADD
1269 silly ADD node_modules/@rolldown/binding-linux-arm64-musl
1270 silly ADD
1271 silly ADD
1272 silly ADD
1273 silly ADD
1274 silly ADD
1275 silly ADD
1276 silly ADD node_modules/@oxc-project/types
1277 silly ADD node_modules/tinyglobby
1278 silly ADD node_modules/tinyglobby/node_modules/picomatch
1279 silly ADD node_modules/tinyglobby/node_modules/fdir
1280 silly ADD node_modules/rolldown
1281 silly ADD
1282 silly ADD node_modules/escalade
1283 silly ADD node_modules/is-number
1284 silly ADD node_modules/scheduler
1285 silly ADD node_modules/nanoid
1286 silly ADD
1287 silly ADD
1288 silly ADD
1289 silly ADD
1290 silly ADD
1291 silly ADD
1292 silly ADD
1293 silly ADD
1294 silly ADD
1295 silly ADD
1296 silly ADD node_modules/@oxlint/binding-linux-arm64-musl
1297 silly ADD
1298 silly ADD
1299 silly ADD
1300 silly ADD
1301 silly ADD
1302 silly ADD
1303 silly ADD
1304 silly ADD
1305 silly ADD node_modules/to-regex-range
1306 silly ADD node_modules/fill-range
1307 silly ADD node_modules/picomatch
1308 silly ADD node_modules/braces
1309 silly ADD
1310 silly ADD
1311 silly ADD
1312 silly ADD
1313 silly ADD node_modules/lightningcss-linux-arm64-musl
1314 silly ADD
1315 silly ADD
1316 silly ADD
1317 silly ADD
1318 silly ADD
1319 silly ADD
1320 silly ADD node_modules/is-extglob
1321 silly ADD node_modules/tapable
1322 silly ADD node_modules/graceful-fs
1323 silly ADD node_modules/update-browserslist-db
1324 silly ADD node_modules/node-releases
1325 silly ADD node_modules/electron-to-chromium
1326 silly ADD node_modules/baseline-browser-mapping
1327 silly ADD node_modules/postcss-value-parser
1328 silly ADD node_modules/fraction.js
1329 silly ADD node_modules/caniuse-lite
1330 silly ADD node_modules/browserslist
1331 silly ADD node_modules/@rolldown/pluginutils
1332 silly ADD node_modules/csstype
1333 silly ADD
1334 silly ADD
1335 silly ADD
1336 silly ADD
1337 silly ADD
1338 silly ADD node_modules/@tailwindcss/oxide-linux-arm64-musl
1339 silly ADD
1340 silly ADD
1341 silly ADD
1342 silly ADD
1343 silly ADD
1344 silly ADD
1345 silly ADD node_modules/@jridgewell/resolve-uri
1346 silly ADD node_modules/@jridgewell/sourcemap-codec
1347 silly ADD node_modules/@jridgewell/trace-mapping
1348 silly ADD node_modules/@jridgewell/gen-mapping
1349 silly ADD node_modules/source-map-js
1350 silly ADD node_modules/magic-string
1351 silly ADD node_modules/lightningcss
1352 silly ADD node_modules/lightningcss/node_modules/detect-libc
1353 silly ADD node_modules/jiti
1354 silly ADD node_modules/@jridgewell/remapping
1355 silly ADD node_modules/node-addon-api
1356 silly ADD node_modules/micromatch
1357 silly ADD node_modules/is-glob
1358 silly ADD node_modules/detect-libc
1359 silly ADD
1360 silly ADD
1361 silly ADD
1362 silly ADD
1363 silly ADD
1364 silly ADD node_modules/@parcel/watcher-linux-arm64-musl
1365 silly ADD
1366 silly ADD
1367 silly ADD
1368 silly ADD
1369 silly ADD
1370 silly ADD
1371 silly ADD
1372 silly ADD node_modules/picocolors
1373 silly ADD node_modules/mri
1374 silly ADD node_modules/enhanced-resolve
1375 silly ADD node_modules/@tailwindcss/oxide
1376 silly ADD node_modules/@tailwindcss/node
1377 silly ADD node_modules/@parcel/watcher
1378 silly ADD node_modules/tailwindcss
1379 silly ADD node_modules/react-dom
1380 silly ADD node_modules/react
1381 silly ADD node_modules/postcss
1382 silly ADD node_modules/oxlint
1383 silly ADD node_modules/autoprefixer
1384 silly ADD node_modules/vite
1385 silly ADD
1386 silly ADD
1387 silly ADD
1388 silly ADD
1389 silly ADD node_modules/vite/node_modules/lightningcss-linux-arm64-musl
1390 silly ADD
1391 silly ADD
1392 silly ADD
1393 silly ADD
1394 silly ADD
1395 silly ADD
1396 silly ADD node_modules/vite/node_modules/detect-libc
1397 silly ADD node_modules/vite/node_modules/picomatch
1398 silly ADD node_modules/vite/node_modules/lightningcss
1399 silly ADD node_modules/@vitejs/plugin-react
1400 silly ADD node_modules/@types/react-dom
1401 silly ADD node_modules/@types/react
1402 silly ADD node_modules/@tailwindcss/cli
1403 verbose cwd /public/frontend
1404 verbose os Linux 5.10.226-android12-9-00047-g4968e29b7f92-ab12786767
1405 verbose node v22.23.2
1406 verbose npm  v10.9.1
1407 verbose exit 0
1408 info ok
